-- phpMyAdmin SQL Dump
-- version 5.2.1
-- https://www.phpmyadmin.net/
--
-- Host: 127.0.0.1
-- Generation Time: Jun 20, 2024 at 04:59 AM
-- Server version: 10.4.28-MariaDB
-- PHP Version: 8.2.4

SET SQL_MODE = "NO_AUTO_VALUE_ON_ZERO";
START TRANSACTION;
SET time_zone = "+00:00";


/*!40101 SET @OLD_CHARACTER_SET_CLIENT=@@CHARACTER_SET_CLIENT */;
/*!40101 SET @OLD_CHARACTER_SET_RESULTS=@@CHARACTER_SET_RESULTS */;
/*!40101 SET @OLD_COLLATION_CONNECTION=@@COLLATION_CONNECTION */;
/*!40101 SET NAMES utf8mb4 */;

--
-- Database: `kerjalah`
--

-- --------------------------------------------------------

--
-- Table structure for table `biodata`
--

CREATE TABLE `biodata` (
  `id_biodata` int(11) NOT NULL,
  `user_id` int(11) NOT NULL,
  `nama_lengkap` varchar(200) NOT NULL,
  `tanggal_lahir` date NOT NULL,
  `no_hp` varchar(25) NOT NULL,
  `alamat` varchar(200) NOT NULL,
  `jenis_kelamin` varchar(100) NOT NULL,
  `created_at` timestamp NULL DEFAULT NULL,
  `updated_at` timestamp NULL DEFAULT NULL
) ENGINE=InnoDB DEFAULT CHARSET=utf8mb4 COLLATE=utf8mb4_general_ci;

--
-- Dumping data for table `biodata`
--

INSERT INTO `biodata` (`id_biodata`, `user_id`, `nama_lengkap`, `tanggal_lahir`, `no_hp`, `alamat`, `jenis_kelamin`, `created_at`, `updated_at`) VALUES
(1, 11, 'Muhammad Andra Dzakiaaaaa', '2024-06-14', '082', 'malang', 'Laki-laki', '2024-06-13 19:13:49', '2024-06-18 21:43:36'),
(2, 12, 'Wow Banget', '2024-06-14', '0821232', 'jl. malioboroaa', 'Perempuan', '2024-06-13 21:08:41', '2024-06-14 03:18:01'),
(3, 13, 'zxc', '2024-06-14', '0821239', 'malang', 'Laki-laki', '2024-06-13 21:38:37', '2024-06-13 21:38:37'),
(4, 14, 'elma', '2024-06-13', '082', 'jl. malioboroa', 'Laki-laki', '2024-06-13 22:42:41', '2024-06-13 22:42:41'),
(5, 15, 'a', '2024-06-14', 'a', 'a', 'Laki-laki', '2024-06-13 23:50:19', '2024-06-13 23:50:19'),
(6, 16, 'Ahmad Akrom Kamaluddin', '2024-06-15', '085', 'Gresik', 'Laki-laki', '2024-06-14 00:20:51', '2024-06-14 00:22:28'),
(7, 17, 'Halilintar Daiva', '2024-06-14', '12345678', 'jakarta', 'Laki-laki', '2024-06-14 04:10:21', '2024-06-14 04:12:30');

-- --------------------------------------------------------

--
-- Table structure for table `lamaran`
--

CREATE TABLE `lamaran` (
  `id_lamaran` int(11) NOT NULL,
  `user_id` int(11) NOT NULL,
  `id_lowongan` int(11) NOT NULL,
  `teks_lamaran` text NOT NULL,
  `cv_link` text NOT NULL,
  `waktu_lamar` timestamp NOT NULL DEFAULT current_timestamp() ON UPDATE current_timestamp(),
  `created_at` timestamp NULL DEFAULT NULL,
  `updated_at` timestamp NULL DEFAULT NULL
) ENGINE=InnoDB DEFAULT CHARSET=utf8mb4 COLLATE=utf8mb4_general_ci;

--
-- Dumping data for table `lamaran`
--

INSERT INTO `lamaran` (`id_lamaran`, `user_id`, `id_lowongan`, `teks_lamaran`, `cv_link`, `waktu_lamar`, `created_at`, `updated_at`) VALUES
(1, 12, 23, 'wwww', 'http://127.0.0.1:8000/apply/23', '2024-06-14 04:17:56', '2024-06-13 21:17:56', '2024-06-13 21:17:56'),
(2, 12, 25, '%3CmxGraphModel%3E%3Croot%3E%3CmxCell%20id%3D%220%22%2F%3E%3CmxCell%20id%3D%221%22%20parent%3D%220%22%2F%3E%3CmxCell%20id%3D%222%22%20value%3D%22%22%20style%3D%22html%3D1%3Bpoints%3D%5B%5B0%2C0%2C0%2C0%2C5%5D%2C%5B0%2C1%2C0%2C0%2C-5%5D%2C%5B1%2C0%2C0%2C0%2C5%5D%2C%5B1%2C1%2C0%2C0%2C-5%5D%5D%3Bperimeter%3DorthogonalPerimeter%3BoutlineConnect%3D0%3BtargetShapes%3DumlLifeline%3BportConstraint%3Deastwest%3BnewEdgeStyle%3D%7B%26quot%3Bcurved%26quot%3B%3A0%2C%26quot%3Brounded%26quot%3B%3A0%7D%3B%22%20vertex%3D%221%22%20parent%3D%221%22%3E%3CmxGeometry%20x%3D%22415%22%20y%3D%22720%22%20width%3D%2210%22%20height%3D%22260%22%20as%3D%22geometry%22%2F%3E%3C%2FmxCell%3E%3CmxCell%20id%3D%223%22%20value%3D%221.%20Membuka%20halaman%26lt%3Bbr%26gt%3BCheckout%20Keranjang%22%20style%3D%22html%3D1%3BverticalAlign%3Dbottom%3BendArrow%3Dblock%3Bcurved%3D0%3Brounded%3D0%3BentryX%3D0%3BentryY%3D0%3BentryDx%3D0%3BentryDy%3D5%3BexitX%3D1%3BexitY%3D0%3BexitDx%3D0%3BexitDy%3D5%3BexitPerimeter%3D0%3B%22%20edge%3D%221%22%20source%3D%225%22%20target%3D%222%22%20parent%3D%221%22%3E%3CmxGeometry%20relative%3D%221%22%20as%3D%22geometry%22%3E%3CmxPoint%20x%3D%22345%22%20y%3D%22725%22%20as%3D%22sourcePoint%22%2F%3E%3C%2FmxGeometry%3E%3C%2FmxCell%3E%3CmxCell%20id%3D%224%22%20value%3D%222.1.1.1.1.1%20Metode%20pembayaran%26amp%3Bnbsp%3B%26lt%3Bbr%26gt%3Bberhasil%20dipilih%22%20style%3D%22html%3D1%3BverticalAlign%3Dbottom%3BendArrow%3Dopen%3Bdashed%3D1%3BendSize%3D8%3Bcurved%3D0%3Brounded%3D0%3BexitX%3D0%3BexitY%3D1%3BexitDx%3D0%3BexitDy%3D-5%3B%22%20edge%3D%221%22%20parent%3D%221%22%3E%3CmxGeometry%20relative%3D%221%22%20as%3D%22geometry%22%3E%3CmxPoint%20x%3D%22200%22%20y%3D%22900%22%20as%3D%22targetPoint%22%2F%3E%3CmxPoint%20x%3D%22415%22%20y%3D%22900%22%20as%3D%22sourcePoint%22%2F%3E%3C%2FmxGeometry%3E%3C%2FmxCell%3E%3CmxCell%20id%3D%225%22%20value%3D%22%22%20style%3D%22html%3D1%3Bpoints%3D%5B%5B0%2C0%2C0%2C0%2C5%5D%2C%5B0%2C1%2C0%2C0%2C-5%5D%2C%5B1%2C0%2C0%2C0%2C5%5D%2C%5B1%2C1%2C0%2C0%2C-5%5D%5D%3Bperimeter%3DorthogonalPerimeter%3BoutlineConnect%3D0%3BtargetShapes%3DumlLifeline%3BportConstraint%3Deastwest%3BnewEdgeStyle%3D%7B%26quot%3Bcurved%26quot%3B%3A0%2C%26quot%3Brounded%26quot%3B%3A0%7D%3B%22%20vertex%3D%221%22%20parent%3D%221%22%3E%3CmxGeometry%20x%3D%22190%22%20y%3D%22720%22%20width%3D%2210%22%20height%3D%22260%22%20as%3D%22geometry%22%2F%3E%3C%2FmxCell%3E%3CmxCell%20id%3D%226%22%20value%3D%22Halaman%26lt%3Bbr%26gt%3BChekout%20Keranjang%22%20style%3D%22text%3Bhtml%3D1%3Balign%3Dcenter%3BverticalAlign%3Dmiddle%3Bresizable%3D0%3Bpoints%3D%5B%5D%3Bautosize%3D1%3BstrokeColor%3Dnone%3BfillColor%3Dnone%3B%22%20vertex%3D%221%22%20parent%3D%221%22%3E%3CmxGeometry%20x%3D%22355%22%20y%3D%22650%22%20width%3D%22130%22%20height%3D%2240%22%20as%3D%22geometry%22%2F%3E%3C%2FmxCell%3E%3CmxCell%20id%3D%227%22%20value%3D%22%22%20style%3D%22shape%3DumlLifeline%3Bperimeter%3DlifelinePerimeter%3BwhiteSpace%3Dwrap%3Bhtml%3D1%3Bcontainer%3D1%3BdropTarget%3D0%3Bcollapsible%3D0%3BrecursiveResize%3D0%3BoutlineConnect%3D0%3BportConstraint%3Deastwest%3BnewEdgeStyle%3D%7B%26quot%3Bcurved%26quot%3B%3A0%2C%26quot%3Brounded%26quot%3B%3A0%7D%3Bparticipant%3DumlActor%3B%22%20vertex%3D%221%22%20parent%3D%221%22%3E%3CmxGeometry%20x%3D%22185%22%20y%3D%22610%22%20width%3D%2220%22%20height%3D%22110%22%20as%3D%22geometry%22%2F%3E%3C%2FmxCell%3E%3CmxCell%20id%3D%228%22%20value%3D%22User%22%20style%3D%22text%3Bhtml%3D1%3Balign%3Dcenter%3BverticalAlign%3Dmiddle%3Bresizable%3D0%3Bpoints%3D%5B%5D%3Bautosize%3D1%3BstrokeColor%3Dnone%3BfillColor%3Dnone%3B%22%20vertex%3D%221%22%20parent%3D%221%22%3E%3CmxGeometry%20x%3D%22170%22%20y%3D%22655%22%20width%3D%2250%22%20height%3D%2230%22%20as%3D%22geometry%22%2F%3E%3C%2FmxCell%3E%3CmxCell%20id%3D%229%22%20value%3D%22%22%20style%3D%22html%3D1%3Bpoints%3D%5B%5B0%2C0%2C0%2C0%2C5%5D%2C%5B0%2C1%2C0%2C0%2C-5%5D%2C%5B1%2C0%2C0%2C0%2C5%5D%2C%5B1%2C1%2C0%2C0%2C-5%5D%5D%3Bperimeter%3DorthogonalPerimeter%3BoutlineConnect%3D0%3BtargetShapes%3DumlLifeline%3BportConstraint%3Deastwest%3BnewEdgeStyle%3D%7B%26quot%3Bcurved%26quot%3B%3A0%2C%26quot%3Brounded%26quot%3B%3A0%7D%3B%22%20vertex%3D%221%22%20parent%3D%221%22%3E%3CmxGeometry%20x%3D%22600%22%20y%3D%22720%22%20width%3D%2210%22%20height%3D%22260%22%20as%3D%22geometry%22%2F%3E%3C%2FmxCell%3E%3CmxCell%20id%3D%2210%22%20value%3D%222.1%20getMetodePembayaran()%22%20style%3D%22html%3D1%3BverticalAlign%3Dbottom%3BendArrow%3Dblock%3Bcurved%3D0%3Brounded%3D0%3B%22%20edge%3D%221%22%20parent%3D%221%22%3E%3CmxGeometry%20relative%3D%221%22%20as%3D%22geometry%22%3E%3CmxPoint%20x%3D%22425%22%20y%3D%22804.5%22%20as%3D%22sourcePoint%22%2F%3E%3CmxPoint%20x%3D%22600%22%20y%3D%22804.5%22%20as%3D%22targetPoint%22%2F%3E%3C%2FmxGeometry%3E%3C%2FmxCell%3E%3CmxCell%20id%3D%2211%22%20value%3D%222.1.1.1.1%20Menkonfirmasi%20pilihan%26lt%3Bbr%26gt%3Bmetode%20pembayaran%22%20style%3D%22html%3D1%3BverticalAlign%3Dbottom%3BendArrow%3Dopen%3Bdashed%3D1%3BendSize%3D8%3Bcurved%3D0%3Brounded%3D0%3BexitX%3D0%3BexitY%3D1%3BexitDx%3D0%3BexitDy%3D-5%3B%22%20edge%3D%221%22%20parent%3D%221%22%3E%3CmxGeometry%20relative%3D%221%22%20as%3D%22geometry%22%3E%3CmxPoint%20x%3D%22425%22%20y%3D%22880%22%20as%3D%22targetPoint%22%2F%3E%3CmxPoint%20x%3D%22600%22%20y%3D%22880%22%20as%3D%22sourcePoint%22%2F%3E%3C%2FmxGeometry%3E%3C%2FmxCell%3E%3CmxCell%20id%3D%2212%22%20value%3D%22%22%20style%3D%22shape%3DumlLifeline%3Bperimeter%3DlifelinePerimeter%3BwhiteSpace%3Dwrap%3Bhtml%3D1%3Bcontainer%3D1%3BdropTarget%3D0%3Bcollapsible%3D0%3BrecursiveResize%3D0%3BoutlineConnect%3D0%3BportConstraint%3Deastwest%3BnewEdgeStyle%3D%7B%26quot%3Bcurved%26quot%3B%3A0%2C%26quot%3Brounded%26quot%3B%3A0%7D%3Bparticipant%3DumlControl%3B%22%20vertex%3D%221%22%20parent%3D%221%22%3E%3CmxGeometry%20x%3D%22585%22%20y%3D%22610%22%20width%3D%2240%22%20height%3D%22110%22%20as%3D%22geometry%22%2F%3E%3C%2FmxCell%3E%3CmxCell%20id%3D%2213%22%20value%3D%22Data%20Control%22%20style%3D%22text%3Bhtml%3D1%3Balign%3Dcenter%3BverticalAlign%3Dmiddle%3Bresizable%3D0%3Bpoints%3D%5B%5D%3Bautosize%3D1%3BstrokeColor%3Dnone%3BfillColor%3Dnone%3B%22%20vertex%3D%221%22%20parent%3D%221%22%3E%3CmxGeometry%20x%3D%22560%22%20y%3D%22655%22%20width%3D%2290%22%20height%3D%2230%22%20as%3D%22geometry%22%2F%3E%3C%2FmxCell%3E%3CmxCell%20id%3D%2214%22%20value%3D%22%22%20style%3D%22shape%3DumlLifeline%3Bperimeter%3DlifelinePerimeter%3BwhiteSpace%3Dwrap%3Bhtml%3D1%3Bcontainer%3D1%3BdropTarget%3D0%3Bcollapsible%3D0%3BrecursiveResize%3D0%3BoutlineConnect%3D0%3BportConstraint%3Deastwest%3BnewEdgeStyle%3D%7B%26quot%3Bcurved%26quot%3B%3A0%2C%26quot%3Brounded%26quot%3B%3A0%7D%3Bparticipant%3DumlEntity%3B%22%20vertex%3D%221%22%20parent%3D%221%22%3E%3CmxGeometry%20x%3D%22760%22%20y%3D%22615%22%20width%3D%2240%22%20height%3D%22110%22%20as%3D%22geometry%22%2F%3E%3C%2FmxCell%3E%3CmxCell%20id%3D%2215%22%20value%3D%22%22%20style%3D%22html%3D1%3Bpoints%3D%5B%5B0%2C0%2C0%2C0%2C5%5D%2C%5B0%2C1%2C0%2C0%2C-5%5D%2C%5B1%2C0%2C0%2C0%2C5%5D%2C%5B1%2C1%2C0%2C0%2C-5%5D%5D%3Bperimeter%3DorthogonalPerimeter%3BoutlineConnect%3D0%3BtargetShapes%3DumlLifeline%3BportConstraint%3Deastwest%3BnewEdgeStyle%3D%7B%26quot%3Bcurved%26quot%3B%3A0%2C%26quot%3Brounded%26quot%3B%3A0%7D%3B%22%20vertex%3D%221%22%20parent%3D%221%22%3E%3CmxGeometry%20x%3D%22775%22%20y%3D%22725%22%20width%3D%2210%22%20height%3D%22255%22%20as%3D%22geometry%22%2F%3E%3C%2FmxCell%3E%3CmxCell%20id%3D%2216%22%20value%3D%222.1.1%20setMetodePembayaran()%22%20style%3D%22html%3D1%3BverticalAlign%3Dbottom%3BendArrow%3Dblock%3Bcurved%3D0%3Brounded%3D0%3BexitX%3D1%3BexitY%3D0.278%3BexitDx%3D0%3BexitDy%3D0%3BexitPerimeter%3D0%3B%22%20edge%3D%221%22%20target%3D%2215%22%20parent%3D%221%22%3E%3CmxGeometry%20relative%3D%221%22%20as%3D%22geometry%22%3E%3CmxPoint%20x%3D%22610%22%20y%3D%22820%22%20as%3D%22sourcePoint%22%2F%3E%3CmxPoint%20x%3D%22755%22%20y%3D%22820%22%20as%3D%22targetPoint%22%2F%3E%3C%2FmxGeometry%3E%3C%2FmxCell%3E%3CmxCell%20id%3D%2217%22%20value%3D%22%22%20style%3D%22html%3D1%3BverticalAlign%3Dbottom%3BendArrow%3Dopen%3Bdashed%3D1%3BendSize%3D8%3Bcurved%3D0%3Brounded%3D0%3B%22%20edge%3D%221%22%20parent%3D%221%22%3E%3CmxGeometry%20relative%3D%221%22%20as%3D%22geometry%22%3E%3CmxPoint%20x%3D%22610%22%20y%3D%22860%22%20as%3D%22targetPoint%22%2F%3E%3CmxPoint%20x%3D%22770%22%20y%3D%22860%22%20as%3D%22sourcePoint%22%2F%3E%3C%2FmxGeometry%3E%3C%2FmxCell%3E%3CmxCell%20id%3D%2218%22%20value%3D%222.1.1.1%20Menkonfirmasi%20plihan%26amp%3Bnbsp%3B%26lt%3Bbr%26gt%3Bmetode%20pembayaran%22%20style%3D%22edgeLabel%3Bhtml%3D1%3Balign%3Dcenter%3BverticalAlign%3Dmiddle%3Bresizable%3D0%3Bpoints%3D%5B%5D%3B%22%20connectable%3D%220%22%20vertex%3D%221%22%20parent%3D%2217%22%3E%3CmxGeometry%20x%3D%22-0.0334%22%20relative%3D%221%22%20as%3D%22geometry%22%3E%3CmxPoint%20x%3D%227%22%20y%3D%22-20%22%20as%3D%22offset%22%2F%3E%3C%2FmxGeometry%3E%3C%2FmxCell%3E%3CmxCell%20id%3D%2219%22%20value%3D%22Data%20Pembayaran%22%20style%3D%22text%3Bhtml%3D1%3Balign%3Dcenter%3BverticalAlign%3Dmiddle%3Bresizable%3D0%3Bpoints%3D%5B%5D%3Bautosize%3D1%3BstrokeColor%3Dnone%3BfillColor%3Dnone%3B%22%20vertex%3D%221%22%20parent%3D%221%22%3E%3CmxGeometry%20x%3D%22720%22%20y%3D%22660%22%20width%3D%22120%22%20height%3D%2230%22%20as%3D%22geometry%22%2F%3E%3C%2FmxCell%3E%3CmxCell%20id%3D%2220%22%20value%3D%221.1%20Halaman%20Checkout%26amp%3Bnbsp%3B%26lt%3Bbr%26gt%3BKeranjang%20terbuka%22%20style%3D%22html%3D1%3BverticalAlign%3Dbottom%3BendArrow%3Dopen%3Bdashed%3D1%3BendSize%3D8%3Bcurved%3D0%3Brounded%3D0%3BexitX%3D0%3BexitY%3D1%3BexitDx%3D0%3BexitDy%3D-5%3B%22%20edge%3D%221%22%20target%3D%225%22%20parent%3D%221%22%3E%3CmxGeometry%20relative%3D%221%22%20as%3D%22geometry%22%3E%3CmxPoint%20x%3D%22240%22%20y%3D%22760%22%20as%3D%22targetPoint%22%2F%3E%3CmxPoint%20x%3D%22415%22%20y%3D%22760%22%20as%3D%22sourcePoint%22%2F%3E%3C%2FmxGeometry%3E%3C%2FmxCell%3E%3CmxCell%20id%3D%2221%22%20value%3D%222.%20Memilih%20metode%20pembayaran%22%20style%3D%22html%3D1%3BverticalAlign%3Dbottom%3BendArrow%3Dblock%3Bcurved%3D0%3Brounded%3D0%3B%22%20edge%3D%221%22%20target%3D%222%22%20parent%3D%221%22%3E%3CmxGeometry%20relative%3D%221%22%20as%3D%22geometry%22%3E%3CmxPoint%20x%3D%22200%22%20y%3D%22790%22%20as%3D%22sourcePoint%22%2F%3E%3CmxPoint%20x%3D%22375%22%20y%3D%22790%22%20as%3D%22targetPoint%22%2F%3E%3C%2FmxGeometry%3E%3C%2FmxCell%3E%3CmxCell%20id%3D%2222%22%20value%3D%22Memilih%20metode%26lt%3Bbr%26gt%3Bpembayaran%22%20style%3D%22rounded%3D0%3BwhiteSpace%3Dwrap%3Bhtml%3D1%3B%22%20vertex%3D%221%22%20parent%3D%221%22%3E%3CmxGeometry%20x%3D%22190%22%20y%3D%22500%22%20width%3D%22120%22%20height%3D%2260%22%20as%3D%22geometry%22%2F%3E%3C%2FmxCell%3E%3CmxCell%20id%3D%2223%22%20value%3D%22%22%20style%3D%22shape%3DumlLifeline%3Bperimeter%3DlifelinePerimeter%3BwhiteSpace%3Dwrap%3Bhtml%3D1%3Bcontainer%3D1%3BdropTarget%3D0%3Bcollapsible%3D0%3BrecursiveResize%3D0%3BoutlineConnect%3D0%3BportConstraint%3Deastwest%3BnewEdgeStyle%3D%7B%26quot%3Bcurved%26quot%3B%3A0%2C%26quot%3Brounded%26quot%3B%3A0%7D%3Bparticipant%3DumlBoundary%3B%22%20vertex%3D%221%22%20parent%3D%221%22%3E%3CmxGeometry%20x%3D%22395%22%20y%3D%22610%22%20width%3D%2250%22%20height%3D%22110%22%20as%3D%22geometry%22%2F%3E%3C%2FmxCell%3E%3C%2Froot%3E%3C%2FmxGraphModel%3E', 'http://127.0.0.1:8000/apply/23', '2024-06-14 04:20:03', '2024-06-13 21:20:03', '2024-06-13 21:20:03'),
(3, 12, 24, 'aaaa', 'http://127.0.0.1:8000/apply/24', '2024-06-14 07:17:35', '2024-06-14 00:17:35', '2024-06-14 00:17:35'),
(4, 16, 56, 'aku anaknya bos!!!!!', 'http://127.0.0.1:8000/apply/56', '2024-06-14 07:23:07', '2024-06-14 00:23:07', '2024-06-14 00:23:07'),
(5, 17, 27, 'aaaaaaaaaaaaaa', 'http://127.0.0.1:8000/apply/27', '2024-06-14 11:17:24', '2024-06-14 04:17:24', '2024-06-14 04:17:24'),
(6, 11, 23, 'a', 'http://127.0.0.1:8000/apply/23', '2024-06-19 04:44:19', '2024-06-18 21:44:19', '2024-06-18 21:44:19'),
(7, 11, 23, 'a', 'http://127.0.0.1:8000/apply/23', '2024-06-19 04:45:17', '2024-06-18 21:45:16', '2024-06-18 21:45:16'),
(8, 11, 23, 'a', 'http://127.0.0.1:8000/apply/23', '2024-06-19 04:45:24', '2024-06-18 21:45:23', '2024-06-18 21:45:23'),
(9, 11, 23, 'a', 'http://127.0.0.1:8000/apply/23', '2024-06-19 04:45:24', '2024-06-18 21:45:24', '2024-06-18 21:45:24'),
(10, 11, 24, 'a', 'http://127.0.0.1:8000/apply/24', '2024-06-19 04:45:38', '2024-06-18 21:45:38', '2024-06-18 21:45:38'),
(11, 11, 25, 'a', 'http://127.0.0.1:8000/apply/24', '2024-06-19 04:45:54', '2024-06-18 21:45:54', '2024-06-18 21:45:54');

-- --------------------------------------------------------

--
-- Table structure for table `lowongan`
--

CREATE TABLE `lowongan` (
  `id_lowongan` int(11) NOT NULL,
  `id_perusahaan` int(11) NOT NULL,
  `jabatan` varchar(200) NOT NULL,
  `jumlah_lowongan` int(11) NOT NULL,
  `gaji` int(11) NOT NULL,
  `deskripsi` text NOT NULL,
  `jam_kerja` int(11) NOT NULL,
  `domisili` varchar(200) NOT NULL,
  `pengalaman_kerja` varchar(100) NOT NULL
) ENGINE=InnoDB DEFAULT CHARSET=utf8mb4 COLLATE=utf8mb4_general_ci;

--
-- Dumping data for table `lowongan`
--

INSERT INTO `lowongan` (`id_lowongan`, `id_perusahaan`, `jabatan`, `jumlah_lowongan`, `gaji`, `deskripsi`, `jam_kerja`, `domisili`, `pengalaman_kerja`) VALUES
(23, 6, 'Software Engineer', 10, 25000000, 'Bertanggung jawab untuk mengembangkan, menguji, dan memelihara aplikasi streaming video yang berkinerja tinggi dan dapat diskalakan. Anda akan bekerja sama dengan tim lintas fungsi untuk menerjemahkan kebutuhan bisnis menjadi solusi teknis yang andal dan efisien. Kandidat ideal memiliki pengalaman dalam pengembangan perangkat lunak, pengkodean, dan desain arsitektur sistem. Kami mencari individu yang inovatif dan mampu bekerja dalam lingkungan yang cepat berubah.', 8, 'Jakarta', '3+ tahun'),
(24, 7, 'Electrical Engineer', 5, 30000000, 'Bertanggung jawab untuk merancang, mengembangkan, dan menguji komponen listrik dan sistem untuk kendaraan listrik dan produk energi terbarukan. Anda akan berkolaborasi dengan tim teknik untuk memastikan bahwa desain memenuhi spesifikasi dan standar kualitas tertinggi. Posisi ini memerlukan pemahaman yang mendalam tentang sistem elektronik dan kemampuan untuk menyelesaikan masalah kompleks dengan pendekatan yang inovatif.', 7, 'Jakarta', '5+ tahun'),
(25, 8, 'Data Analyst', 8, 20000000, 'Bertanggung jawab untuk mengumpulkan, memproses, dan menganalisis data dari berbagai sumber untuk memberikan wawasan yang dapat ditindaklanjuti. Anda akan menggunakan teknik statistik dan alat analitik untuk mengidentifikasi tren dan pola yang dapat membantu meningkatkan rekomendasi musik dan pengalaman pengguna secara keseluruhan. Posisi ini memerlukan kemampuan analitis yang kuat dan kemampuan untuk berkomunikasi secara efektif dengan pemangku kepentingan bisnis.', 8, 'Jakarta', '2+ tahun'),
(26, 9, 'Product Manager', 3, 35000000, 'Bertanggung jawab untuk mengelola siklus hidup produk dari konsep hingga peluncuran. Anda akan bekerja dengan tim desain, teknik, dan pemasaran untuk mengembangkan fitur baru yang sesuai dengan kebutuhan pengguna dan tujuan bisnis. Anda akan mengawasi proses pengembangan produk, melakukan riset pasar, dan memastikan bahwa produk yang dikembangkan memenuhi standar kualitas dan kepuasan pengguna. Kandidat ideal harus memiliki keterampilan manajemen proyek yang kuat dan pengalaman dalam mengelola produk digital.', 7, 'Jakarta', '4+ tahun'),
(27, 10, 'Customer Experience Specialist', 6, 18000000, 'Bertanggung jawab untuk menyediakan dukungan pelanggan yang luar biasa dan meningkatkan kepuasan pengguna. Anda akan menangani pertanyaan dan keluhan pelanggan, memberikan solusi cepat dan efektif, serta mengidentifikasi peluang untuk meningkatkan proses layanan. Posisi ini memerlukan keterampilan komunikasi yang luar biasa dan kemampuan untuk bekerja dalam tim. Kami mencari individu yang bersemangat tentang layanan pelanggan dan memiliki kemampuan untuk bekerja dalam lingkungan yang dinamis.', 8, 'Jakarta', '3+ tahun'),
(28, 1, 'Software Engineer', 15, 30000000, 'Bertanggung jawab untuk mengembangkan dan memelihara aplikasi berkinerja tinggi dengan standar keamanan yang ketat. Anda akan bekerja dalam tim untuk merancang solusi teknis yang inovatif dan efisien untuk tantangan teknologi terbaru. Kandidat ideal memiliki pengalaman dalam pengembangan perangkat lunak, pemrograman, dan desain sistem skala besar.', 8, 'Jakarta', '3+ tahun'),
(29, 2, 'iOS Engineer', 8, 28000000, 'Bertanggung jawab untuk mengembangkan aplikasi iOS yang inovatif dan berkinerja tinggi. Anda akan merancang, mengimplementasikan, dan menguji fitur-fitur baru untuk meningkatkan pengalaman pengguna. Posisi ini memerlukan pemahaman mendalam tentang platform iOS dan praktik pengembangan aplikasi mobile.', 7, 'Jakarta', '3+ tahun'),
(30, 3, 'Data Scientist', 10, 32000000, 'Bertanggung jawab untuk menganalisis data besar-besaran untuk mengidentifikasi pola dan tren yang dapat digunakan untuk pengambilan keputusan strategis. Anda akan menggunakan keterampilan dalam analisis statistik dan pemrograman untuk menghasilkan wawasan yang mendalam untuk berbagai tim fungsional.', 8, 'Jakarta', '4+ tahun'),
(31, 4, 'Software Engineer', 12, 29000000, 'Bertanggung jawab untuk mengembangkan dan memelihara aplikasi berkinerja tinggi dengan fokus pada keamanan, skalabilitas, dan keandalan. Anda akan bekerja dalam tim lintas disiplin untuk merancang solusi teknis yang memenuhi kebutuhan bisnis yang berkembang pesat.', 8, 'Jakarta', '3+ tahun'),
(32, 5, 'Product Manager', 6, 35000000, 'Bertanggung jawab untuk mengelola siklus hidup produk dari konsep hingga peluncuran. Anda akan bekerja dengan tim teknis, desain, dan pemasaran untuk mengembangkan fitur baru dan meningkatkan pengalaman pengguna. Posisi ini memerlukan keterampilan manajemen produk yang kuat dan kemampuan untuk memahami kebutuhan pasar dan pengguna.', 7, 'Jakarta', '5+ tahun'),
(33, 1, 'Marketing Specialist', 5, 27000000, 'Bertanggung jawab untuk merancang dan melaksanakan strategi pemasaran yang efektif untuk meningkatkan visibilitas produk dan mencapai target penjualan. Anda akan bekerja dengan tim untuk mengembangkan kampanye pemasaran yang kreatif dan memonitor kinerja mereka menggunakan metrik yang relevan.', 8, 'Jakarta', '3+ tahun pengalaman di bidang pemasaran atau peran terkait.'),
(34, 2, 'Hardware Engineer', 3, 30000000, 'Bertanggung jawab untuk merancang dan mengembangkan perangkat keras baru untuk produk-produk Apple. Anda akan bekerja dengan tim teknik untuk memastikan bahwa perangkat keras memenuhi spesifikasi yang ditentukan dan standar keamanan yang ketat.', 7, 'Jakarta', '5+ tahun pengalaman dalam pengembangan perangkat keras atau bidang terkait.'),
(35, 3, 'Supply Chain Analyst', 6, 28000000, 'Bertanggung jawab untuk mengelola rantai pasokan untuk memastikan efisiensi operasional dan kepuasan pelanggan. Anda akan menganalisis data rantai pasokan, mengidentifikasi kesempatan untuk meningkatkan efisiensi, dan berkolaborasi dengan pemasok dan tim internal untuk implementasi solusi.', 8, 'Jakarta', '3+ tahun pengalaman dalam analisis rantai pasokan atau fungsi operasional terkait.'),
(36, 4, 'Financial Analyst', 4, 32000000, 'Bertanggung jawab untuk menganalisis kinerja keuangan perusahaan dan memberikan wawasan strategis kepada manajemen. Anda akan melakukan pemodelan keuangan, mengidentifikasi tren pasar, dan mengembangkan rekomendasi investasi yang cerdas.', 8, 'Jakarta', '4+ tahun pengalaman dalam analisis keuangan atau peran terkait.'),
(37, 5, 'HR Manager', 2, 35000000, 'Bertanggung jawab untuk mengelola fungsi sumber daya manusia perusahaan, termasuk rekrutmen, pengembangan karyawan, manajemen kinerja, dan kebijakan kompensasi. Anda akan berkolaborasi dengan tim manajemen untuk memastikan strategi SDM mendukung tujuan bisnis jangka panjang.', 7, 'Jakarta', '5+ tahun pengalaman dalam manajemen SDM atau peran terkait.'),
(38, 6, 'Customer Success Manager', 5, 25000000, 'Bertanggung jawab untuk memastikan kepuasan pelanggan dengan memimpin strategi retensi dan pengembangan akun. Anda akan berkolaborasi dengan pelanggan untuk memahami kebutuhan mereka, memberikan solusi yang sesuai, dan memastikan penggunaan produk yang optimal.', 8, 'Jakarta', '3+ tahun pengalaman dalam manajemen hubungan pelanggan atau peran terkait.'),
(39, 7, 'Environmental Engineer', 3, 30000000, 'Bertanggung jawab untuk merancang, mengembangkan, dan mengimplementasikan solusi teknik untuk mengurangi dampak lingkungan dari operasi perusahaan. Anda akan melakukan analisis risiko lingkungan, mengembangkan strategi keberlanjutan, dan memastikan kepatuhan dengan regulasi lingkungan.', 7, 'Jakarta', '4+ tahun pengalaman dalam teknik lingkungan atau bidang terkait.'),
(40, 8, 'Logistics Manager', 4, 28000000, 'Bertanggung jawab untuk mengelola operasi logistik perusahaan, termasuk manajemen persediaan, pengiriman, dan distribusi. Anda akan bekerja dengan tim untuk meningkatkan efisiensi logistik, mengurangi biaya, dan memastikan pengiriman tepat waktu.', 8, 'Jakarta', '4+ tahun pengalaman dalam manajemen logistik atau peran terkait.'),
(41, 9, 'Legal Counsel', 2, 32000000, 'Bertanggung jawab untuk memberikan nasihat hukum kepada perusahaan dalam hal kepatuhan peraturan, litigasi, dan transaksi. Anda akan merancang dan meninjau kontrak, mengelola risiko hukum, dan memberikan bimbingan hukum yang strategis kepada manajemen.', 7, 'Jakarta', '5+ tahun pengalaman dalam praktik hukum bisnis atau peran terkait.'),
(42, 10, 'Business Development Manager', 6, 35000000, 'Bertanggung jawab untuk mengidentifikasi, mengevaluasi, dan mengembangkan peluang bisnis baru untuk perusahaan. Anda akan memimpin inisiatif pengembangan bisnis, menjalin kemitraan strategis, dan mengelola siklus penjualan.', 7, 'Jakarta', '5+ tahun pengalaman dalam pengembangan bisnis atau peran terkait.'),
(43, 11, 'Customer Service', 10, 6000000, 'Bertanggung jawab untuk menyediakan dukungan pelanggan yang luar biasa melalui telepon, email, dan media sosial. Menangani pertanyaan dan keluhan pelanggan dengan cepat dan efektif. Memastikan setiap interaksi dengan pelanggan memberikan pengalaman positif dan profesional. Membantu pelanggan dalam menyelesaikan masalah terkait layanan Gojek dan memberikan solusi yang tepat.', 8, 'Jakarta', 'Pengalaman kerja minimal 1 tahun di bidang layanan pelanggan.'),
(48, 12, 'Marketing Specialist', 5, 10000000, 'Bertanggung jawab untuk merancang, mengimplementasikan, dan mengawasi kampanye pemasaran yang efektif untuk meningkatkan brand awareness dan penjualan. Melakukan analisis pasar dan kompetitor untuk mengidentifikasi peluang pertumbuhan. Bekerja sama dengan tim kreatif untuk mengembangkan konten pemasaran yang menarik dan relevan. Memantau dan melaporkan kinerja kampanye pemasaran serta memberikan rekomendasi untuk perbaikan.', 8, 'Jakarta', 'Pengalaman kerja minimal 2 tahun di bidang pemasaran.'),
(49, 13, 'Sales Executive', 8, 8000000, 'Bertanggung jawab untuk mengidentifikasi dan mengejar peluang penjualan baru. Membangun dan memelihara hubungan yang kuat dengan klien dan pelanggan. Menyusun dan menyampaikan presentasi penjualan yang efektif. Melakukan negosiasi kontrak dan menutup transaksi penjualan. Mengikuti perkembangan tren pasar dan memberikan masukan kepada manajemen mengenai strategi penjualan.', 8, 'Jakarta', 'Pengalaman kerja minimal 1 tahun di bidang penjualan.'),
(50, 14, 'Travel Consultant', 6, 7000000, 'Memberikan saran dan rekomendasi perjalanan kepada pelanggan berdasarkan kebutuhan dan preferensi mereka. Membantu pelanggan dalam pemesanan tiket pesawat, hotel, dan paket perjalanan. Menjaga pengetahuan tentang destinasi wisata populer dan tren perjalanan. Mengatasi masalah pelanggan terkait pemesanan dan perjalanan. Menyediakan informasi yang akurat dan terkini tentang visa, asuransi perjalanan, dan persyaratan lainnya.', 8, 'Jakarta', 'Pengalaman kerja minimal 1 tahun di industri perjalanan.'),
(51, 15, 'HR Specialist', 4, 9000000, 'Mengelola seluruh proses rekrutmen dari awal hingga akhir, termasuk penyusunan deskripsi pekerjaan, pencarian kandidat, wawancara, dan seleksi. Mengembangkan dan mengimplementasikan program pelatihan dan pengembangan karyawan. Mengelola manajemen kinerja dan memberikan dukungan kepada manajer dalam proses evaluasi karyawan. Menyusun dan menegakkan kebijakan dan prosedur perusahaan. Memastikan kepatuhan terhadap hukum ketenagakerjaan dan regulasi terkait.', 8, 'Jakarta', 'Pengalaman kerja minimal 2 tahun di bidang sumber daya manusia.'),
(52, 16, 'Network Engineer', 5, 12000000, 'Merancang, mengimplementasikan, dan mengelola jaringan telekomunikasi perusahaan untuk memastikan kualitas, keandalan, dan keamanan jaringan. Memecahkan masalah jaringan dan melakukan perbaikan yang diperlukan untuk meminimalkan downtime. Melakukan pemantauan jaringan secara real-time dan menyusun laporan kinerja jaringan. Bekerja sama dengan tim IT lainnya untuk memastikan integrasi sistem yang mulus. Mengikuti perkembangan teknologi jaringan terbaru dan memberikan rekomendasi untuk peningkatan.', 8, 'Jakarta', 'Pengalaman kerja minimal 3 tahun di bidang jaringan telekomunikasi.'),
(53, 17, 'Financial Analyst', 4, 11000000, 'Melakukan analisis keuangan mendalam untuk mendukung pengambilan keputusan strategis perusahaan. Menyusun laporan keuangan dan memberikan wawasan tentang kinerja keuangan perusahaan. Membuat model keuangan dan proyeksi untuk berbagai skenario bisnis. Memberikan rekomendasi investasi berdasarkan analisis risiko dan imbal hasil. Bekerja sama dengan departemen lain untuk mengumpulkan data dan informasi yang diperlukan untuk analisis.', 8, 'Jakarta', 'Pengalaman kerja minimal 2 tahun di bidang analisis keuangan.'),
(54, 18, 'Teller', 10, 5000000, 'Memberikan layanan perbankan yang ramah dan efisien kepada nasabah, termasuk penarikan, penyetoran, dan transaksi lainnya. Menjaga akurasi dan keamanan dalam menangani uang tunai dan dokumen penting. Menyediakan informasi produk bank kepada nasabah dan membantu mereka dalam memahami layanan perbankan. Mengidentifikasi peluang untuk cross-selling produk dan layanan perbankan. Menyelesaikan masalah nasabah dengan cepat dan efektif.', 8, 'Jakarta', 'Pengalaman kerja minimal 1 tahun di bidang perbankan.'),
(55, 19, 'Product Manager', 3, 15000000, 'Bertanggung jawab atas pengembangan dan peluncuran produk baru dari konsep hingga pemasaran. Menyusun strategi produk berdasarkan analisis pasar dan tren konsumen. Bekerja sama dengan tim R&D, pemasaran, dan penjualan untuk memastikan keberhasilan produk di pasar. Mengelola siklus hidup produk dan melakukan penyesuaian strategi berdasarkan kinerja produk. Melakukan penelitian pasar untuk memahami kebutuhan dan preferensi konsumen.', 8, 'Jakarta', 'Pengalaman kerja minimal 3 tahun di bidang manajemen produk.'),
(56, 20, 'Credit Analyst', 5, 9000000, 'Menganalisis kelayakan kredit pemohon berdasarkan informasi keuangan dan non-keuangan. Menyusun laporan analisis kredit dan memberikan rekomendasi persetujuan atau penolakan kredit. Berinteraksi dengan pemohon kredit untuk mengumpulkan informasi tambahan yang diperlukan untuk analisis. Memastikan kepatuhan terhadap kebijakan kredit perusahaan dan regulasi yang berlaku. Memantau portofolio kredit untuk mengidentifikasi potensi risiko dan melakukan tindakan mitigasi yang diperlukan.', 8, 'Jakarta', 'Pengalaman kerja minimal 2 tahun di bidang analisis kredit.');

-- --------------------------------------------------------

--
-- Table structure for table `perusahaan`
--

CREATE TABLE `perusahaan` (
  `id_perusahaan` int(11) NOT NULL,
  `nama_perusahaan` varchar(255) NOT NULL,
  `deskripsi_perusahaan` text NOT NULL,
  `industri` varchar(100) NOT NULL,
  `email_perusahaan` varchar(100) NOT NULL,
  `logo` text NOT NULL
) ENGINE=InnoDB DEFAULT CHARSET=utf8mb4 COLLATE=utf8mb4_general_ci;

--
-- Dumping data for table `perusahaan`
--

INSERT INTO `perusahaan` (`id_perusahaan`, `nama_perusahaan`, `deskripsi_perusahaan`, `industri`, `email_perusahaan`, `logo`) VALUES
(1, 'Google', 'Google LLC adalah perusahaan multinasional Amerika Serikat yang berfokus pada layanan dan produk internet, yang meliputi mesin pencari Google, sistem operasi Android, Gmail, dan masih banyak lagi.', 'Teknologi', 'info@google.com', 'https://kgo.googleusercontent.com/profile_vrt_raw_bytes_1587515358_10512.png'),
(2, 'Apple', 'Apple Inc. adalah perusahaan teknologi yang berbasis di Cupertino, California, Amerika Serikat. Perusahaan ini didirikan oleh Steve Jobs, Steve Wozniak, dan Ronald Wayne pada tahun 1976.', 'Teknologi', 'info@apple.com', 'https://encrypted-tbn0.gstatic.com/images?q=tbn:ANd9GcSgGeOqz55tjTXlEAUnIvY3InflQDaExBe5iQ&s'),
(3, 'Amazon', 'Amazon.com, Inc. adalah perusahaan teknologi dan perdagangan elektronik multinasional yang berpusat di Seattle, Washington, Amerika Serikat.', 'E-Commerce', 'info@amazon.com', 'https://media.wired.com/photos/5a99b9b917817565885075b9/1:1/w_700,h_700,c_limit/amazon-a-logo.jpg'),
(4, 'Microsoft', 'Microsoft Corporation adalah perusahaan teknologi multinasional Amerika Serikat yang berkantor pusat di Redmond, Washington.', 'Teknologi', 'info@microsoft.com', 'https://upload.wikimedia.org/wikipedia/commons/thumb/4/44/Microsoft_logo.svg/1024px-Microsoft_logo.svg.png'),
(5, 'Facebook', 'Facebook, Inc. adalah perusahaan media sosial dan jejaring sosial Amerika Serikat yang berkantor pusat di Menlo Park, California.', 'Teknologi', 'info@facebook.com', 'https://encrypted-tbn0.gstatic.com/images?q=tbn:ANd9GcRycSqnnIasg3XeNMBSW1uBFIqSz8KKy1dYqw&s'),
(6, 'Netflix', 'Netflix adalah penyedia layanan streaming yang menawarkan berbagai macam acara TV, film, anime, dokumenter, dan banyak lagi di ribuan perangkat yang terhubung ke internet.', 'Hiburan', 'info@netflix.com', 'https://upload.wikimedia.org/wikipedia/commons/0/08/Netflix_2015_logo.svg'),
(7, 'Tesla', 'Tesla adalah perusahaan yang merancang, memproduksi, dan menjual kendaraan listrik serta produk energi terbarukan seperti baterai dan solar panel.', 'Otomotif dan Energi Terbarukan', 'info@tesla.com', 'https://upload.wikimedia.org/wikipedia/commons/e/e8/Tesla_logo.png'),
(8, 'Spotify', 'Spotify adalah layanan streaming musik yang memberikan akses ke jutaan lagu dan konten lainnya dari artis di seluruh dunia.', 'Teknologi dan Hiburan', 'info@spotify.com', 'https://upload.wikimedia.org/wikipedia/commons/2/26/Spotify_logo_with_text.svg'),
(9, 'Twitter', 'Twitter adalah platform media sosial di mana pengguna dapat memposting dan berinteraksi dengan pesan yang dikenal sebagai \"tweet\".', 'Media Sosial', 'info@twitter.com', 'https://seeklogo.com/images/T/twitter-2012-negative-logo-5C6C1F1521-seeklogo.com.png'),
(10, 'Airbnb', 'Airbnb adalah platform komunitas yang menghubungkan orang-orang yang ingin menyewakan rumah mereka dengan orang-orang yang mencari tempat tinggal.', 'Perhotelan dan Pariwisata', 'info@airbnb.com', 'https://upload.wikimedia.org/wikipedia/commons/6/69/Airbnb_Logo_B%C3%A9lo.svg'),
(11, 'Gojek', 'Gojek adalah perusahaan teknologi yang menyediakan berbagai layanan transportasi, pengantaran makanan, dan layanan finansial digital di Indonesia.', 'Transportasi dan Teknologi', 'info@gojek.com', 'data:image/png;base64,iVBORw0KGgoAAAANSUhEUgAAAOEAAADhCAMAAAAJbSJIAAAAulBMVEX///8Am0wAAADQ0NDExMQAl0MAmknJyckAkzcAlj+oqKguLi4AlDoAl0K6urrBwcHp6en2+/jM5dWMjIyg0LHr9e/z8/O+3sqioqLa2trw8PDj8eh7v5SYzKu1tbVzc3OZmZkypWFitYGHxJ01pmO22sNGRkZiYmJ+fn7l8uoYn1RRr3Vxu4xCqmvZ7OCIiIg6Ojp3d3dBQUEVFRUfHx9paWlasnuq1LnQ59lZWVkPDw+bza1PT08pKSnP014QAAAM5UlEQVR4nO1deV/iPBBGtKXFcglWQUQEcV28XXdZXd/v/7VekCPHzOQotKm7ff7xJ03SPDkmcyRpqVSgQIECBQrkB8dnRyeTWafTmU1Ojs6OXVdnpzibnI+mURCFYVhbYP53/t90dD45c121HeCh8yuMQs/z92T4njd/8qvz4LqK2+DkzotqkJvAsxZ5dyeuK5oMv/th6CnZreGFYf+36+paYzaNzOitSEbTmesq26A1jkL14ESGaxiNW64rbohWP7DpPq4jg/6X4DhOyG/Jcey6+lpMarXE/Bao1SauKSjx/T7ait8C0f131zRonAe28gWDH5y7JkLg+CrcAb8Fwqtcqq0n0S46cAk/yqGaMw52xm+B/AnV212N0DXCW9eUBLSmyddACt40R8v/d40BkQx+LTfLxsMOZYxAMcqJ7ZgWwdxQPEuN4IJiDvwcx9Z2khXF0Pna39pLk+Cc4p5riXpps0z43hI2jeJduiU4MrSVfC+MAv9+dDcej+9G934QhaY8ayOXBDtGxpIfBpf9yQM/3FoPk/5lYDaFo44zfqUHA13UrwW3M1xcHM9uAxNdIXC3ZuiljB9OOypR0epM9R3p72XGSMJIJ2X86EpvBZ1caRdUz9FUPNGN0XBqZuWdTHWGSeDGXNQIQz8wlxAdjfvD91LkQaKvHqPhvY02cnyv7kavnxoPEmfqMWrtTTrXlJe9gnqvGld+aB9p+a0Uqv59ChyUOFGt9f40ib58PFVRzNw3damoTWJVUqXk+hnrp6ou3EJXVlHMuBMVXbhVY6dVrjWO6C70/W0MupZPU4yOdlZ/PW7pemwp1hWLkJ+hB/WYrkawbXBsoig7O4/GmBQI3h2d62zWv90Lw3Dvtj9T2EN3dOHZefrJOtB2zsPYX5j1i9HtLwx+r0+SpG2yzLRTWs4EhDA4ugehby+4ohKT4zQzWUOOIx+3445vUdPBD4ho74jqRNUc2ClIMwAXBTPSNCIMLFqQhekSW4McpLgkGKk02OgXloWUZBkNU/L9AbbWX6n9jTVMU2lRnZiRNKVMANRKvdL5crwpkouyrn0s8c5BNnCAyI1bvUvcQyy/7+Q7svDxnxCCBrNRxyax7xDpe8q+DrMwMKhpGEJ9jV7ZxI6B1Z4QTZPJRKSaFxlACkNBQA3kpKZCJs4MQvgjmv/YdItbDfYMZb1E6ROkluMaWLxb5nvcYP93iNbJwL44ImYIDLmfm+9ShNPrgWieMP01f0YxBClNZ+ECcCZSDNPfLH2Oi1IoAhSeDqR9gDglBJqX/r5FwrCACg1tJhtlJ9SaDMyLX3jbQkGj8qgCQHWMEDU+qqrvFFd4xaGyYbdXEUhTQnXyr1JnSNQwkgMVlDA0zf+byp86Q2IJAJuXKPWVAND5zgiGUOruGsSLI3klplYVArU/Uv5j6kWpMySmF9A1/tidSqjJqwClOwUFw63x94/Sv1/SEDWE0t6SoaxRu1stTFd80p2DA8xjdyu+sdamjMqDioOucae1GWvemv02UnagULvTvNOxnqBa6856MreAbRZEmNudBWzuxbAwEHPlxbDwRJlLU+hfcuiJomJr23gTEfFBeROziK9ZeIRNGYYgq1OPMOnVhzJAu8d2iQjGAyh5lolX3yYyc2fSi9geZ6eRGavomoE7CtvN5Ta6ZhUhbWl1N/TYj9sIqV2UW3e61MMIuo5yW+5UUO7gDu+xYed6p4LtbpOxYrcJ2ibOd5tY7xh6uETPjPjRFN/55X7HEKWa0ru+JlPA0YumxDZGOjaegVK6QoKde0ejKKqtzqD4fi0MRuTKloOdewl3Xx593mkWBNH017miM3Kx+5JckA120OqWbNUO2gzP5//1u6D/gZ3sylMD22hWCiUv4yMlf/+JEs2poGQDtZWnU0H/wMmuFE7nKY91Z3867x84Yfn3n5JVaKdL+JEc9KTxR3dg3clJ53/gtLpCR95046XBjQO49Sj0YFZ2IYDBrRHRVH0qvwMtR1iIs1sjzG7+CH1anzzyTa43cXjzh9ntLfRNj2Y3Sbq8vcX0Bh6ComYJXMHtDTwGZ2KWFLGBanZWwUt/a4IaZjdh+T6S1WiXtPubsAxvMwvhXOqYbLjJwW1mhjfSIWaxyW6UXNxIZ3irINCcNZr7imAubhWcV9ZgoIJ9a9TJJp5gmIseXOC7/u41sLtSf97E93Jzu6fJDa3Am6vdi5KrG1pL+lt2rfswZ7fslrQ3JdvOw/zdlKy77dpOlubytmv1jeV262FObywvqWwFG50mv7fOl+gvB9jopbn+ckCJ+vqDuW2R968/LIB8wcPYPvwKX/Aowa+wGNv4X+UrLCXxSzqmfpqv9CWdT8ymQVjzamGg9bWt032pryF94mxyPjb5spppugIFChQoUKBAgQIFChQoUKBAgQIFskGlvMap66qkhP0Nw6rrqqSEguHXR8Hw66Ng+PWRGsNmpV6vN7qbfwf1JQZNNHncbcwfVvCH2tyfmQ/wZzTDJocumpdG4+em2Kf254sHmx8OYPKD5/fN4+shUlGWuwHZtZ+UmUmG7TKHoRW/YVnES6VUqm/+q0ip47aUvHwNGoHllh/VD+XMcvkUwxs+18CG36AM8RE3KIZyc3ziSRo0FMP9/5DML2I/EgyfExN8w2pcLl/gDLs/8OTlRxOGN0RmQcXGGV7w6esW/HpUjRl4hnU62Yue4QuZ+ZuO4U8+NSIZSMRafgLDqirdq47hqyLztZqhMNDkiauEvgf5ArEZi1PEGMoiRsSbiuEHn3LfhuA3A4KMYVeX8kPFUBhn5evH09PHa/6XNs0wOUFxVr22G93ufhVIng1DsYrVbhw3D0TZUYUlH2DvGsbLH2NeMK/FMWD4VEZSmUHgtyHSE8QWY/jI/XbIXiSsHjHJkEv0EW8yl2LWP/8RDLcgeMrlvOAfVPgy1wx73E/PfOou8gAw5Nrhp1gLNnrrKENh+hJKIgUu5434RJhxK4ZcFz6LqZtc4phgyFJclyRsevEQYygIYEuCXE99yM8aXLEVuY5PipJOcYZcebGcm61YXcAwFoS9JUFeweiBh5y8qcgs4IuYTH7CGbKhOIQV2YzgNmDIFHy0lhqw/r+BD7lxumTIBuk3ZeoYZcieYzVZP3uRGLb5Hny3Jsi9FRNQbIIvGbK1C9pDpRJTqPcxhryUUkFiKMDWIBTaHXvMTKSK1B5YW7IRX8UYEpUGaCoSvyCvVYMVBCTHAkxDkxliqZnCOsQYKhR2AV1VczxiL1bhYJMVSFKxUp8MORVdnbqdGkM7jbvEC0ewQi2Qvz5EFho1NPOQKSEyQ+w9TNKmNg/L1lOxJxUsgemLS4ZP0v8i5KekLH1/OqTxXtI0Rxt5tQIsIxKn4+bdss5MWl7A1Jze1sMYciu3vl4SwzdeKbQynXjjED7k/GlLhpzeBZcLRn9lBcsM5VFszvBN9CxYMeQsdtD7fLsBvRQoNV1QksxQM+lphp/v4voClfskuIJk3w7v9Fsx5KxGeVRz2mMTZ8hNVMl4WoDyJm5mBPeCoQ1D3tIVVTHBJlsx5C0qgWLMNce6ewFDrtpQXLz/4DlySddmGv9uG+2NH4q89s2bToyh4Gj5xpYMYa1rgh/Xo4MzViTzsrdoIc7Fu48kTDoVRSfL46egalZln9iaoeh5fK4gqTeKFWTI5/7Bj5jVwssGL+ov5RrorWSBsgk2619Dl/JwUzDiaxMEyHv7oBmXet0BGxivTZCQl7tcZptNKFr/oMCwBEIyErChy2SYxtta/qFkmHQqartFYChGRwA4cYH6vJUeczYAiMgM7zezYKhtWJGhshd5eYjHLVTtyRY6KrqWdCpSWiDzcQh6KFlJ8aVE7KlJhi44UU5GSLnkVvHv+AO+b14EFT+M8UiAFO8iI6TEIODfQTLkp6Kd260BWvYiVsSAuzDiCKQbHSPvIXN5KKSg4/icW/lHyQ4VvmNehwvVmokFaC31hnwk8AIJ56l2AcSngp/+pxzuZAxBw3GhHKupuCz39Obbx9tFe715QraAZXQHw3a7XSX2Uyj3OcxJVqrzzO3TQQVxa/XqjRVA2fHmUaNuafBDsF61d+NpGeYCbDwkaax8MexhhjO3OicpM1cM43fMx8sIPsOHeuSJYfyOTTVOaCWqYjs/DFdesKHwY8yL80TFHuaGITOC2QaznqB3JNovzy3NjhkKVv7rxbBaPX0UlmPLLqzOSxgMBH3Azv+3axiYh3ZdgCjWtnHb3SJWb+IpWwtSpLx0am6OJ1glHmjMRgHIEAkvZ4yfCK/EBBGGbgfpJxRGPhKg0AAwzMXJpfgCY1e228S5gszQMlaUGprYxlbrmPICIsMntyuFiMaNIOg/Ep4D4Aq5biexulJF3G0MTueo1pNXrbrIP6g3ujkQMAUKFChQoACC/wGmOPb3/mReSwAAAABJRU5ErkJggg=='),
(12, 'Tokopedia', 'Tokopedia adalah platform e-commerce terbesar di Indonesia, yang menghubungkan penjual dan pembeli secara online.', 'E-commerce', 'support@tokopedia.com', 'data:image/png;base64,iVBORw0KGgoAAAANSUhEUgAAAPEAAADRCAMAAAAquaQNAAABKVBMVEX///9gu1VBQUFPnU5CtUmExWc+Pj7S0tJZWVk/Nj9Ti0xiw1br6+tAOUB0dHRAO0Dd3d1fX19OTk5Qo09JeEj/yGhcfFBAuUj89a45OTk+Mz9BQkH4/Pg1NTU4t0Bsx3Ks3q9hwFbG5ceV05lZxWDW7djk9OX29vZXrVGM0o8vLy9zwF6+vr7B5sP204FDwktXvV6NjY1LwFLHx8dMcUju+O+BgYGzs7OlpaWXl5dqampum1pCSkJHXUVkyGrc8d1Ok01EVUSL0muBz4VKaEdEUEP/0muV1Jmq3K1Lf0pTjk1YnFAlJSVftlTIpV4sLTZOSEKDgGZlzlgmKTdtbFyzr4TGwY7DrXSqjVeGdlRaUkXn46PTrWCXflJ8emO5mVqWk3NljFQoszFX/OeuAAAYcElEQVR4nO2diXviyLHAbdkjbC5h8EYrC4n7XDQYDOYIYHvBC/jYySbZl/eSzXvJ/P9/xOvqQ6h1ITZrC3td35fszEjV6l93VXV1q1scHLyu1OKpwSh5ogqCoJ4lR61UvPbKNXhVqaUG12lNEUUARiKKmnZyPUi9V+haq3OmKIJdFPGs0wq7bi8iV8m0KDp4SVenk1dhV+83l1RS8eAlzEoyFXYVf1OJD1VvXGrc6eE7cufUtcN9VRfm63fTzZGxtYNFZMJas6k0mxC1uSvjSNhV/W2kZbVoUUifdYZXkVQ8Fbkads7SgvWi+i6CdkuzOmtyGLG6ay0yTKobkxeVdxCzr9JmJ4pi8iruuCHeSm5sW0y/eeTUmUmjnLScvCDxVtrsZvHsjYevuAksqh13Xnxbx+xmcex921sQc1gS00PfG4em8SvXr1S3FxEzaokn26LwwETW3rArmzYdZNhpsXHqLdv1yLTUIOPsQGGTSH8H2GOJnIg7IbAGEs/eau41VFgsCjZHiCeZwhvt5DjtYjEdtMtYtiKevU1PHmg7uyWza+1t5tdnws4dlmJmMX7Ber2YxGkXK6MdlDqsk9+iWTOjbu6SKEeab9isr2l3neyklaau0HmhWr2g1Gi+teNIM1LerCOzIKTslk1EKPHJ3jlyLRXxlRSbGaR3q3o8TcfwwbYHvBCYp0TO0luEptTqONkZtoLUL9UadpJjqiZsK3782sgoZ/YXVnNVFBVF09Rxx/OtWi2eanXGgsavbW4p/9XXSsxZQlARFS2dHF0565m6GiXh9duOxYVDLF1sl9NTSdpQp8ejFreW2RqN0xtaUZISicTpNpHCIpYWD9Etsj7vTe9V6fQiITFbTZ8NWTCLj87Mt2+AKqmTu+mid75N7qSQiE9v/xwLIIXn+mO0N52gDpQwsyJeR2oHtUhSIW/f4N8nd4vz6O1RJojU14mwiKOxwyBSKGDs2/V0QrtaVDuDDl3lkST1rrcmsEeBJHO+78QUu1B4zkSn4oWkkkhMbFm4O394PAoK+5aIKfZh5ly9YKFMOlUXt7vRvjVigI4dPkwFYJaEu/XuuG+PGJifb6dSQpoi3t1x3yIxGPfzw/T88dfxvkliYK7/Sty3Snx4+EH8QfxBvP/EBSY7E2eOtuSb+0cMmM/P9TpUvf586E7tRgygt7e3D9EH9P9HntnJvhGjpCrzcL6Y3k9UdTK5ny7Wt5nnmAPaQYz4Hta96d0E6SHFu2lv/eAOvV/EsVgdTZEkIgL972S6rsdivsSZzG3vjujRGZUkiZO73q0L8z4RFw4fpwlzoqCyfdSCdCFNH3nj5ogzR2vIO9lKiLnaBblo1JGL7g8x8J4m6KKWpikg8F9c/9PE4vGw4EqcOYpOAVe16WFoF+a9IY7Ve0IC6q00tXSyMxy0Wq3BsJNMa00Fdp4m1PN6zIU4c7tQJR89CU0pM/tIHLu9xz6oPaU7V3FzobYWj7c66pOGbfT+MeYgzqwn2JxBr8XrXVM96X6d2TviQuEc/FdUlHHLuSpdG4zxeQHpdM0su84suod5kd7A+ZRaC+nBommil9kz4sLz4gLXO+n1GrSVxI6Z6D0XLMSZxwUAK5qPHm6rxGLjzPtAjIAhYmnpgc9OxKEKJnq6IMh10sNT8HwtPfTRG2A9aWoi7wFxoQDAanNLLSJn8D78ooeHKdLHGLi5ZSd55KSJkfeHuBADkxY1n62mROLXBNnsY2gosXm9XU9TwToye0O8xsCjALu2Ok0UhxLRAibOQNBCetvVaiNAZuErdOLCowqmGWiDS62Dqi6pjwVEnImiYRhZRjA9sA41mtkH4sLzFHVV031fXjxiO6IXT6IwlLg7hHWuewkFLbtJp1Kuh/pqSYQs3T3uA3Hs/BRFaY/9shFVTI87VxaG+BkabC7WsXqmh3xBcegNFCE9HjlDGdYjdh0ycSEjiT4bEQcaHPWxjloRlFKIYubwQYK36Q49ZPeg4cxjImmkJ0C+GTJxbHGqCprnhp74GPIHBRGY/zQC+zyvQ+rh5vyIDE0pNMVxlHEE/rAInTiWkeDMh3eYptuVNNGEi6cVAWXKE0FV3LbF1MgOXFFTbWlnHJ8fQZ0cLnEBPV14ckmJmQzoDmLxyQzKAxx3AcpVr0P37Sl2yxk8EU8OlbhQv5dUxW9bXsvc8tDsUEvAQUhwC1tYhk22MmBrkRp08uQ2Ey7xA3ij37a8weYok9lndKu5h/ezPkZNIvC+jNtiHS7xIUqblLTfw4ebQ3yKSm+M4N1tXgE+udHQ+ACRUmHzSbhWXb+TBI1LPiL8tM88CYDtOkn+kQQnJUn0Wjx4Km3Z6PQ05AvTUBZyGyrxEUoUeW/rqNx9A826UeuJwuGOZ0ad5o90jSwnOwVbNAc99SFUYuTGomp1ttRJ0zqjiJxwZ62bFO4KExO9K0WwmkWLP43ON+cVykGkdajE8OwT67NbKKPaHI9PnVg7bNNlKVRzUSV/HmlKeoNsObRJNDiXgQ29Ui9UYjTB5cYYNK0TRCVJjLc2TGu20/MitQfERcc0cHRFoVPr+Eiznb/nySCDk6ahEk8TfC/gqZGgPZ11hqOk0BTtnwtgvjvWBI2EMbwPW2xq49FwNNaa9u2ZIjdA1a4R8V2oxBCqrRNcmlyIaC7QtHcXJqa5JmoY6tNkpKIazu2oIn8AsIOC9X2YxIV7O/GJC6aVmN583WTEV4LvrltR4UeC90Ds82EUd+JJqFYNxNYZ31ZierOF2P/bKPtm1U4/Hmt+9XeJXJG0P7EtcmlhR66pZCaLZpX8hPUYCnDKGf4Tm0h5EXPJNwxlIY9OPdt4bJ04uPYYHalhPE7jltrSRnzp0DzSIkziP0cTtl7wN1KNHtwia11Eb+BLzK9mQ+nSeT3MPn6Emltji3+XscUSTNkkf4n7tZFt6a8FB++j4c4WJxCsralvy4dYEeidHZyZ0ZA3evLWYPNLIpDDSpNwZ4uwOq/wB4zHTa/qi2y2Sz4Ew/TibskZ0+C6GLvxNOSVvTW8SOHWZlKeAObSQQtvDTHdYeCSXRJg2+puqwluHPI61xFyLI0zvYOBx2ktjVWS+TprAWSsHhpJflUYpimTh7BX6BfQyfzTh67ImhnTI5BKw2tFlf4LecvqkKbtbGIKunga+gr9w8VmaYPJ8Mlh2GJzcywXulidgnEwvdr1k6ORxCf7BwigXRLrsFfoD2Ey4fgUz1Wad2ZRUZJm9a+eYEUyg2KeJTANVd6yRc1xzBxGAZRUh93HpJMda+3x0YmmoVmRSralKeOB6ZHxNBpUpVuIeapldTZyreK9bvgwlKIJ1/bXTvgNFnRx2MSHh7CXQ3FsEEgNxyrM8ptNJX1t+RRZDY3F6um0UD+6w6/aTL1aZHQmEg3xrBOxlwdjMZpF7MP748KjJNkSLyLx1NVgNBoOItyx4wHqeTFRj9UzD5ItYYNzyEOk4XpQmYwA0T14fwzbQJB9Ks1g3wtoiQq8S30+ur3Fe9fsL1q85ArWzKTeXuyKoJu5FCEI8hUAC+pESiQkYQI+u4Me29IVOvFhAbJrQTnZ3ltXAgnhkiUqa+p2PbyKDRn1fuz1QfH6CDYLK2mf18hYBipd6fzyFyRfvhDw7XpDAcK79LA3+7kQ8iPsFxabSb+9aPEkrEbD9wT++q+f/+tvP/73//xdIAm2/x420IMtUdH92bOHkSEREZreGzPjAwFSSUX868//+BbJ5x9++OGbX/75J8zcVD0+pQl6abxHcRLdq52osOXnjm2+dat7fEC23n75+8/fEvn8DZIffvjln3j1VtGSrm0VH4zJlt37h8124/0gRuFryjZYD+3RNzI8w9ukxS//+49vrcSI+Zv/E+HQuaiIZ069EdtePb3dt/3VeANuVD0lKaJy0oG8AyQeGVyfKCTLFr/869tvbcSI+RcSwLHetUWvA3r4ywrqeWb/9tBjZ673VHygRVQguVThYzRK86mpiOQD3ZIFeEOMkP/EPqKI9UBNxX8iH5IQbMck9ogYDsP01FOUgan4IxggUGn0V5RwiKrykzvxj4hYEhJET6B69EMSCXXhOIq+R8TAnDmfXFzgI0AIAHetmLi4uPv3v1VR0H5ys+ofBVG4WByt70+pHhOUmE16D86j97BLeW+I8SG+x/M7VTpNUBEn0z/88dP33/8RdeKXnxzEGBjNpWKgN1WlhMREvV9EXY/x7Rkx+HMs9nz0sF6f93rr9QPQfv/p06fv/6hK6gaZxeofUd8nFviEDNKr3657vcVi0TtfRx+9jqhmYKXp1T+pueU0bgG+bgPy3SegxQLIG8P+zHxYQcD0fAz+YEidfczGlRYTw3d9xq/9WwwBT1x/4gQhi6yXP1OTVpAPm8BYnrd9QyKD8jvx1b9yHYj4Ox4Y9bJk+vJnM2hNbeeTUfTbgowcQdzlK5yvRWznxcgC8+XPFJj6MC/Pvl38kBBUcdt8KwRiF2Dqyxj5M/FhyWbSASw7c34qqDt+ovE1iF2BqS9D+PqMorSi2n14Iz7fGVhAH7/61yW3EXvwbnz5M/FhF5PeijyBwem1gbcRewKbhv03PA57fkoCls88ujgqhvJNb19iL4tmyKiTIHGWel4m7YeMT8Ipr/87G37E/sDElyG19PRhP+TM7X0Y+Yc/8TZg1MtoguXnw0xckDNryfO8QVjEW4Fx+Lrw82Gzl13CF7yh8z2n8OrEAYAB2d+HTbEjZ6Iw/+y8vlF7E291YirfBQI+tGeceBaRdr7kCo84KPCn74IBHx7avPhUCCVueRIHBg5ObI1emSP8JY1QfirHgzgwcHBi7usw+FR6cnv1Xo04eBfvQLxx5UwUL/2F86sx7sTBgXcgtiQisK0gyHcHXo14B+Bd+piNypk7+LSE79u8VybewaZ3IqZ2nekldvlZndcg3gV4N2Lo5Mw5fOApvB9CciHeqYt3Iz4EYPx2PbyfrXMh3gl4R+Lno14ivIHJg3i3Lt6NuPAMn9IIL2q5E+8GvBNxrI4/4iW++q9m+BLv2MW7EMce7/BHvML9LTMH8Y7AwYkLhz38AxJCMoz5gzfxrl0ckLhQeL69u4ANFWqQT0O9eeJC7PB2QX6EIj0IGdhBvCtwAOJY7Dk6JbxaqDHLlXjnLvYnxj8+8bgQTsmPjJzsw8/YvyTx83PmcT2dXJyKZBNjJ/wOPqC/hDPtMfnD7uL1Mzc9+L4x3ptLeffkx4HJrx29mJDNTqKmjhyb6cOSnX/RakcRRVFNJ0MP0BaJnChbflbsV4uiKEL6LNnx+dpoGJK6Tr6UXI+Gg6vUfuGCxF9O9siUP+RDPuRDPuRDPuRDQpRsPxt2Fahk+9VXqEq22JhXXv4xQaRams1evir9ZVdvF1/8MUGkMtP18ssTr3T5uLsXxP2Zfiy/PHFVlo/3hDivHx8fM+Lqaj5/mVoZ8Jj9IJ5biPs5Xde7RjDFvmHsEO/y+0OckzfEuFryrB9ALZuftWfV4I/ZU2Lc38fdICCrtizn3j7xEvdxOQDITVs+fg/E1bIuy+1GAPeEtnkPxAfFebm8DOLGoPUuiFHCGSz39SNGZfQdxQQgdtWzXr25qXpe7/crhlG88biM8uhKsVIlVzniLBbH7ZUiKq1qLQ1rXZbyKyKbBKZfyc9n5XJ5Nl9VrMZiJ0b1AzFv6RdXRK+Rr7gYWdWYz7qy3C3nlkVnO2crq1wXDay6PGsUndpVo1GW0cVueZ6v2vx4DpLP2gqD25ECuv+GXcJaxzKVryV2uzFHN5N/1Ltzy4BtI+5DxJD1Jb0ha8y7TE0vO5IglPlDqfiBejeXt/VJpdHFV+G6Ls9taUJ2lSPK+OqsxBFXvuqWaoDcLMu0MPy08rJqJWaiU+J+o2v9d7k7NxvcRlwiowJL9eZWPdSVfCwpXspcse05d9koy15PhTrN29xVvT+3EuN6lDbExowrDFVmZrgRr4h6WT/mpd29cSUudvHVPO2jrl1PtyY3BteM5LJlHtDQHZfNp6KyL21ly1U/4tVXe2HH8tf8hphZdRv38Q0FxrbJDIN1I0dMmlnOZSkwMyKwMJlW2kQ2zMtg8vTyJmiuvlJM5KZd+1MPqjlaJ3QZCthCbFBe5DvdLquLjKtNiMtUutAKfVK4rM+WeSPfmJH7WUDniEnBOg0eM9p6WA+8iDBR06yWyWU9VzLQZVqsPs+y9qDNMTeKlWI+J3NPRQZA61QyisV8A1zUh7hCnyXnVsVi0ShZS8PEuUqfCF5CKbVxVcoGjunZfp70jU4SGitxFhesN8hfGuS2S6pXXRE9Vg1SZzS/ocUaxAXahrW59EsaovvFGbmfBKMiAZbzZJzJ9kvdr97EWdo+l3QIgYeR4vNu4zFxTdkSNaqX5HbDTtwgExaiTSpldimSG0JBbr4hlbBc7uPWlo9xA5R0m5HTyYEsYyJckmz1+n6jap0tcsQVEtEtzzroX5IS+k7i7NI57yJVly9txBUyX6GTUuwL3FMOql3ZNI5l29I69DJGxmGPmLzctWpncR/qc2hNbHZl22CX8+rjhsu04obY442TmJiXzhee3/irSZytkD6ijojXRuzJGJm1QvCiHZrnLhtmAXn92KldKeNORq1QwjcueWBPYuJssm15YCUTs3YQF63R12wG0hslBnE8Ly3npNzLqhWOH2AP+qT5DOor8iV/OYsvz25o5ZHfcZJnjU96W7avaHkRV63OxrefvnQSr3Tq4ZyQRp6bxHKbpgM6qwbxOpsecU8wzLwlxlmK1alb0NGozQt5QgnZnelUQYjxwpResiV0uNcQgp04S2pub048dmAnzdsSgfKqb3m8Pa0kFjOjTabb16GKtJmq9szFIu0G6Z72PCgxMTf7s7C7yjknMf4Hx+oJCeBgKHZilCrimy+5qRuTCm6pMh26dPtlHMDlFQ3k7oK6hRDbDYTU3YV4xSyHf9Z/RkxzNGJ2OdAjxDc2PVzXDbG9WBux7CLH7ZwXcRkT3/ynxGDVctde86LNqi9nl5fof/JmoJ659jENWIzYPgGsUGJq1Zdu0p0Tg3Ra9bG8CVAOPw5OjMcy3e6P+e6xNXLRYaSfJ+M6dDJ2KsdjDDqkYmI80PDFsnAnk2pkOelX+1UkfTK0QTTgpGodHazE9M8BiUkldPvQt5TZv/JzJ8McdBptl8fQri15Ec9Zb5D28nyhgouxGx42XplOia3E/a5sz4X8iEl0LWedd5MUmCcmiQXUxXAbBEkqhQKWOzG5DK5Aptm2pcjNKkgemrO94q5mNxmbjZhcsQXrasWLmOZcXCeTYVWWsw5i2vqozn3s0zpfqwbLWN2Jl2bORfNRrpJGe8Z6tX/sjBIkD2SxkssyibOUuUR5zvp4jj3Eai8rMuOxPtyg0xizNBdiukbORQCiB37KiA2rDeTJcgI8ic529M1CT9aABWj2d9J0OUs9jS6X03DEtNesk5pyjhEvabTcCLldLpuLUFkyXaSZuSfxDZ0MmJXuEyJsQYy4nDPXAPtkNinPSLSh2ku2flTCzijTZSNqAzNWeDZPZsA6awN+tkh7LVekfzdmutnHZI5XbqzyIHgtEzsNrDLhDqkaczJXpx7jSXyw4vXyTI/0ISGe6V00SUcxuLKis3RmFFRbni2NG3yVjNAza9qOCm/ki9VqJT9nc3ZWD35FoEqXdsrzfKVSQQSybBL36bQd57FyGxtugyS0crd8mbss07Ua9obDRowngYSYJKigdzlDejTxJgtJJrEM630wyrK83DQv+lSk3j1mV9l6gWn2qKKoHU3ljd3iqdtm1afIVpjaXVj2waMYCVk0xjOhz2+wB8rmeqD5SueGf2NubIgP+nNWlqknty0LJIjYXFZjN1ry/Qa3VmlpLlJ4w5GJOjOnTWn2VUQ0GyxR4v687SDOluz3d82ycGNviLOwEMAG0n6DXzE91rsrtg5D+7jNF2tdsUa+yUMhk7Ncthcu63N+6Ua2rd5yhSH7r6LicbKEesZsXDbkZYszy1KqvIkYYD+5tixvIvJNWZfN1CFrXHJ6OXYfJc4u5c11VKwttavMdcvldpdfwYf4Y1HurrixDsXXNr9C3zC5ZL0NEbDS1dskcTPmZb6PcQEz5Nu6Dt49M2xll62LFdXlpSVZgsSzTRTlnGWsYePxzfKSxAy47HzPUpmjOTIMS2hyvLTPOw76Ro5OoeXZynG12pituCaqNMrkWcd0N1a/lGPJebZKxapRNUrL5bJk2GcVoMonR3zNb4xSA/SsVbJmIDdGvlTKG44a0zuLq2WjUcpX3F+19StGPm+4vLJylxt8d5CXrL+1eOTV71g+iN+/fBC/f/kdEi9/b8R4eej3RQwvpX9fxGRT3e+KGGXcs30g/n/KbyyKmvp4LAAAAABJRU5ErkJggg=='),
(13, 'Bukalapak', 'Bukalapak adalah salah satu marketplace terbesar di Indonesia, menyediakan platform bagi para pedagang dan konsumen.', 'E-commerce', 'cs@bukalapak.com', 'data:image/png;base64,iVBORw0KGgoAAAANSUhEUgAAAPAAAADSCAMAAABD772dAAAAw1BMVEX////kCU0AAADkAEnkAEvjAEXiADrjAEPjAEfiADjjAEHz8/M5OTnjAD/iADvjAERjY2OysrIhISEmJiaoqKjr6+v5+flPT0/Ozs5WVlb86+/98fRAQECmpqb++Pr2wcz3ytNvb2/CwsKWlpZ3d3foS3H0tMH51dz63ePwmat1dXXi4uLrZIL75ersdY/uhJvnPGblH1bzq7qJiYnvj6PpVnjqYYDtfJXyobKampq8vLwvLy/lG1XmMWD52d/viZ8RERGCE7wtAAAQDklEQVR4nO1dd1/yPBQVOqDFFlDZskRAZC9F1Ee//6d6KW3aJM0qdOD74/xlpWlyMm7OvUnTm5srrrjiiiuuQNBq1C00ki5H1Gj9G4xm22/F1DTVgqYZqcVkvupMky5ZBBjuJl+aaWSUrJSCIEtZRTdUoz8f1JMuYnh42fVNU8/KKTokxdBSs3Yr6aKGgOE8pWYkBlevtQ+k+6u/PbCnm5SpsFrW19K6th0kXeqT0e5r+SBsbWQNY/4nrdhONoR6MgGKth0mXfyAaG0MPXjjepC0RSdpDkEwMjNnsLUpq4s/08qDrH4uXbuVt39ibn5ZGOd0ZhhZbZM0Gz7m2qmmigQ91UmaEBvD1NmDF4WszZLmxMJcC6s3e8inLtZ41b9DMVY4ZG2UNDMy2maYoxeGsU2aGwkbLSK6ByipyxObb0Z0fC0Z0kmaIIrWImTr7IO2SpojjMZXNmK+B8YXJELqcvR8UynzPWmeAHWFaJ7lvGEYYsGOv8W4IRFIyYr69TPotEffaniUjYtg3Er5GMmKKf/8c37vLPOhMTZ/EqVqY4nzVQzlHVGDk/AEmLZLiqaLvoKUKGsYsw5+zzY8m6a1E+AIYwa3nmSoE1KBWiGKEu0ldo4wdirEVnujRVg34Q1jWUoyWj909bOk9Qf0kryYoRFOZRcxEsTQcoPsxpat7sMUnkZyproPjJHK81jfwvQctU4c5AjYAVukz7m3hhkakJVkhvEUDGD5i3vvMMRBfJjp32Kg58cCdFNDYPkrVMLJzMYrd3JVBe7uhxr+kZXI6fnQcNtMEpknQpyJLeTjD95OXEmZnQjc3gk5AhS74PIkR0oSIdyihvjkA4ITFupWYWLhjUl5KZLgGx/EkqIbpqYZUuorldesDS/MXSA4zHjtVhu2uprIIt8c86q07/mq/c9N2Xhp7yYpzRD2qyShag4NiBOcEVkZaCODWOkTpWh9MDNE9w2ITIahAWnglJwRSNKAB7H0zXj2myZk0QXkTnjABqQhEjNOQSPUYA7A+o8qQjnGJu6oaNZClT2DBrHJWTlpbTR0yJPA6iYhY4sPM3aL2RhA/oPJnUUbE/7KqxrXOmrdN6eKzIpTqFvoAr2xI/EaORuXD/HjH2GaQGVDW/IUoQDzhOdxaDHtUyRsJhSp7Ik3xwoOvxWnW+vxBG3bJFksID7gIIAm5sIP2RuCYpqZJiQ1JNBJ/0E91OiI5TUlL1sBqP/4jzgfKjlvfptBhDOinZGyUOcgH0c8j9ijhfQlFAQQ8rCOqLP2bMqps6iIYUaeLeQ8N+XIC9YGCFm8sPaOxOEW0zZ88/UlHAQQ8rBstBmMhYfG6fhHmxz5JhMOAohoM4AferRE6p/DRQg76iIC3yWHogZKEHOzoBsukQDiefDpaK+2ufryRwlwMwS/lvVquXM6FTEwgnEab1aEDbwWJNMdNVeh4MM5YK0DcvUlHAQwA2kG3zYDACnqXYkDVriVa3qXnoXXA200wz1wF5GH5Ocsn42rL6E5XCia7YG6chFgfjsJ7CUTk6Mv4SCAGqik1CYWVeWnQmK6LzrHhEyhQSwtbcathtB7tb64NsgyWulBX0A4gjui4Fi7pE02s29Ts5DvbzghBJrxULhr02eBt1mDF0lEXUsp775cK+XVL3ZaSs7ZaM00xVXympizHrBi7ASQjW9WMJPmtES7AsEq8BEc5UNV4kdIrIVuWl2b4TLEMOJtx+Gpec6QYDGmmA/BaNGJYE7Ddv5sBcXbhchITlHxwaa3oKAMJAgcQcHrIrIUNCk/qH8OBPZbsaXPkLcTIEOdZiibCIxI1x8E9sVyJkbuyz7U6HqDnDRaqSWyGYetLxnOvI089WUOcnApSOwkOLjFTfH0JXc7Dz0SSa7t5Amz9SVPujAikTPieIqWsND+Mqa+pIxECNSlxR/iFBEtYaHN/Oz9JjS3xwV1OYE8L0VrtIjrSj4w9eU7bypXaLvsyFtyo52W+MLDAlNfMoNEFqjShSzkoxUe5GHkA2sFhBFztUFtYTLhaKUl13mwwdSXvJ2GVOVC7tLROg8DwZ3tLH1Jnl08UIM25NrWIyEKILoplqUveT411QoRXbWINy9NRXe2M/QlL0xE9eiJU4QU8VYeWrQUB0NfcqQH1WaRZ/BAq3In4Etwiy/Dr+VEPukWntgzgq1gBIfwC0h0fcnu0hlqA5OHkxnxdjzhdxfo+pJp6SX6sjpZsUS9OY3v7LhV36E8guVxZbP08hM1aeTbWrg6yQVNX1JXiQ7ILBntlSKZj4BrcieAvbgEg2x9WvQHSMyTlabEqo5+96GYv0St/AZ1aVtRlx1WxmSdFbXNElh78EB4C3RFeaMha+rvnKKTJ0QjGpYQyD2LCFlHFfXwXSfXlqRNOrx8ya9rRq2zLBBtB42xx2M6SpkU31JaCpyl9EYcSlHLDgv81RaIsbbtWGnqq4WWoVWU0BtIlI4V9YYHC8HeIpQMdfktazpj7tVEzsoi28p43vOgNhUFMnsmozsLECg7TCPfpXUENwoXDEITC0WdCXWOszEUdRHFILIlb0X2N+J6xXR58lmOkqLrGWyPu8AKfoNSxXG9m3bikQ0H+9X/2a1279/Iy4UCLUyL3Ue728EDx4OnwFi67VHfGJ4d4L2WdzAalAoWe/spDIiF4xFIKioRZm6lcbXDimYz4jFZFpivIZD5+g6mHIBn8CwP9Q2AyDfSQqDvEidDlv1+rkuErZbobzzEeULNMGATE13jkSPZmC4tnW+8xx70A52BRonZOmqCVfIdvWbjPYLoX5AmpoVsQT+hG58ZXePE8D4LArK3RgZV8TpNTPu9/s1YuuO+YBEyxIN5jBZ0oicUn2fFOnxdiTx4h2MjLLfokVQQkifVyHTBdEPjelcagvCBMowwjNNN/B5iY8Y+W99I4FDxjminZji8oJdgb9Q35pxDHmI+psXBRFBgMiQveIJsQCZoOOGeaRG3xbLREvzUDmNxwO0k7sH309FS5U4AekLnHgp2anrgqQ5NsxljMhrNlvRYn8gDowbNb8NA3XaCrsxl8xmxj1HF5yX5wN1VdwQ1MCG+bIPwTfCTW3Wh79DQxDJ/2yUJeqLfMhEbxpRvFpwU/oz9bDgMO5EQJllrBfUx7UcleviwhXeRhQiFEJxoBDoCD0BN/pMeW5HdiLpvLm58nXK0Z2Ln8MLoiwzFzAJV+52TvoeQ+IHpNhYijCV1442+l7eTPsyU5ISEQIhxKqO+rYb1xrQzWminTcCX87kWwU/TSLqhWid2nnYw78W0r4VtpB8fsiBfyPgFmIV7gLQPUrSvNpyAUYQf1DpM5F+X983H6D6ZdnA/Yo7JiqG+jOirWrJ2Cd+kIWEWwWcPD34ytPnp0tAWPy5ZGGY/aXeBhcZWDbeRs+blqA0yBpkQj7+Xte0f+Ij6+2nCkQA9dVlig4aXfiif5M2bF/rNUgI632dPyoo2v2Rj5UN7cc7X8OSM+v4HBi+KzlYTXJrAIRnK6E+1LsD0Rxc90h9q3Ly2uCQ/MCDabwE+3WCxNVOb5MN0Z6E1mJhGXuRwiKyuLXnHiP0RdDYLzdAZYVlJMVRlsvrjbYug1dlNlppp6HlFkpzNA7IkZZWMYWiZ/nzwfyLrYdpZbWbbxVJWdF3Pfn33J/PRYPjnJqArrrjiiiuuuOKKKwTQrVlYB0z1VLFSVfYBklQeLVQCZiSC3LEwtWexuz/TFoKWo3hMlW4GSHJ3THEXMCMR5NJBONweb64FzMMh/BAgyf2VcFi4EmbiIgmXxtUDxmWxJ59M+JBLCf6pfIT3XOgaI2z/knPuzVWLH+vX7uu6OIaehhMuj/fNw13ddbMKZzpuFn7TLrrIb4eaqBZ76273uVeESooTdkrDJFy4aVbsZD3vJ9QS5+BLlPDYKZ5ViIdaGsL9E5lwFWYFW/t1GsOtx6xXgX94dOsCI3zH7n02YTh790Fowhx8iRJ2Uh/JfWAFfiUTxmmBjlTACTuPtfCK/fBBJPxsX3UpfB3CxBxECXftC1u8jPGnAT2Admn8rk86YbcFnvAfmgTCzk10W0EgnC4FIry3/7517vvFn1YlEX7G7/qgE06D5vf9kPMRLqMUBAk/BiGcQzI/jsLKc6/Z7IGyd0mEnw65vPaaDx9uP8UI3z1+uuUBnaSS/q09fxweDQbzh4+w8wtD8wLCn+umZzCqAQg/wkms+1zzmPuEqaCEy14TFOA2cS7Wx0bdg97iPLLkThnOwKnhhB0L4hoOKuFfu7xNJ4OCOOGeU0LSs8d0wjDgGiug1edYXL9mtwvwixF2Mrxn8MWEx1MaKqMIYcfcPmJPLVX3D83mB9w+BMK56r7YbBbtdnwiEa7CLWljXC0+NB/WUDk9wk6PoA9gH2FgTKpihIvAjiCz/B6zPGTCVcxuEQkDCuCyWEMToYSd6YLttGKEc4CJEOFnvHzeTxzCVZ+xJBN2ONiDF5/jUcKfzoDk+MW4lrZtUE+MsAN4AGNN4JUWIewTVJQxDG606iz36U8El8zB5w0bOOGuV0uihGHV/uhlXHlE+iNM2OP7697FJexN8LeVW5gcSpimoWmEC8EJQxYLmPm7Ywd9ohB21dhD2XvwmEi44D4CDHlbQ39AOaOEYYdFhLA9EayDEIamPbQKbA326yMMjJrdGCX7ApmHMT2f9iSUI2N6ULFRwr/BCDuV3xQjXHO6VhFNDeYFm/Cnj3AaSVWC2VOnpb1LHSJcgEt213VvDkAY1k32n8DoEaclULljmKFbKvuuR5xwCa2WEpwGI+xU6IdroYG96EFlywGiTuEhD5dLGNjYG48w2ly48EApgp5ehi9rNMJVOuEacmXVZw+tS/tyDROuuH0bixqQCN9b94zBQ52ucgenBx7sB0oYOKl2zVeR9CUkMusRBsPxvgxXMtKlD1yKRVeZWIPiAfz/eNsYzsdTWiB/lqUmeUtOFbkZ3j8/34O/73IoYYeI3Y/K7l29/UPXLTtG+MZ92IGVO0NVyghhGPsbyLLffuy9qMoDShjMYqy5mETY6VA+X95GEyWMdFCC7LBQRgn7FZP7BBJh2wj4/OwjflHCYBgz3CUC4V9GvCVta0BCAODYj/DQjQOshf2e/BElSpZ2B90TfrFZwoTBMC7e0OAnfOsFKu/g/wNlV7ohh3iO/QjRjD0nfQEnjNRLAZCk1DHwfZCfgMJZY4TdR1P1x30axR1SN16c8DkH+usNThjUy1ETuIbP8rHLkDJHtPSTl+EDMBYViNWTyw7qnK5RSN+OgUXc44TdKqcR3veea7d24t/H1we8YqrHXArFY6tX17VKrQcRdhxzMIyPl2O7+F3b+6m+3n4Wjg9Fy1HuHSugZlfveP14X3mCCFcP/zr0vUoPcW3twvw+2zZ13/387OY8wkDh3qKX4aBcOgJ0/px9CWrLDckjSbC4PhwM8kDwN9GnkGYcO/cSeim6bpEweIT/d7gS/r/jSvj/jl7XQoEXtrjiiiuuuOKKP4r/AOtxR9GJ7rtbAAAAAElFTkSuQmCC'),
(14, 'Traveloka', 'Traveloka adalah platform perjalanan dan gaya hidup yang menawarkan layanan pemesanan tiket pesawat, hotel, dan berbagai aktivitas lainnya.', 'Travel dan Teknologi', 'support@traveloka.com', 'data:image/png;base64,iVBORw0KGgoAAAANSUhEUgAAAOEAAADhCAMAAAAJbSJIAAAAz1BMVEX///9DQ0MboOI2NjYsLCw/Pz8yMjI7OzsYnsIvLy88PDz6+vrQ0NC3t7c4ODjFxcVoaGjl5eUoKChMTExzc3Obm5sAmuDu7u6Kioq1tbXV1dXb29u9vb2tra3z8/NGRkZ/f39bW1tsbGwJfKWjo6OEhISIxe3S6PgAlr6WlpZgYGDu9/wAl+Cez/DF4vaez+DZ7PkVFRVYsudErOau1/LO5u9vutMAkLqIxdqczt9Sr8xvpsAAb50ro8UAg7UTjcK63PQAlNOhxdOi0fF3vuvO6CmRAAAIIElEQVR4nO2Ye3ejNhPGjREQMMY2vmAbfK2zG9vZbLLXXt63Tdv9/p+pMxIgINjJus7x2Z7n908cIaR5pNHMiEYDAAAAAAAAAAAAAAAAAAAAAAAAAAAAAAAAAAAAAAAAAAAAAAAAAAAAAAAAAAAAAAAA+JHZv720Ba/L3YfbN5e24TW5/zhqjt5d2opX5NNts9kcfbq0Ga/HOxbYHD1e2o5X404KbI7uSq37z+/3FzLo7DQVIx1L9++/XN18fX9Bm87K3ShVeK/+//zz1c3N1dXNz5c164x8Kirc/3JF6oibL5e263wUFO6/KHnEr5c264zkXnr32/++ZgL/f2mrzsn+Ng01v//0U7aFN/+ZMCr5mCr8I1d48/nSNp2Xd6OKwptL5ol4sFwOWs92WxKdl465TxU2M4UXDaO+8LzweYWu57ntFw/azBWqSPNvDPzX+LZhiOcVmoZhfr/CP6TCo4ew/SDC1YsHPoWzKKy+n3npn1Lh0VomMQ2r+yJLT+UsCvf3d4+f3u4bbz80v1G5/TjK3fTrcz76gyiU3L1p3pK00cdvuUDKiM8lih9JIXH/QYtLD+JzcfQHU6hTYe6mzxUzL1HY6sVx7wWTK6I4jqPC/3UK55U+jeMKpQHZEG/KEn8/uoXxpD32DGOVtNvtCc/od9fdJT+ZrdwHJcofG8IlxNpXLw133e6uOMqMGlbp/POh7C2MbS7gicJ4bMk+ztg/pLDDc2zS7tt+yAaE3UQ1lB31z7+OKZyFJgmkoYkw5pFdy6HcEZumZbis0O+7jqGwxFq+NA0tSxRtMzwrWKqfmzBIewfhsF5hbyeyER13FdcqjIRlOX2lb5V3t9zVvEbib0cVZvYQtlRIPrtqxCE3sMJhaLElgSlXIlCJc2EY3lIPErvUVyle29zLdm0e1x7UKZzIES0ncOTfcFOncEXPXKmm/cDdPDKAdXqGGufvZkHj6NgZ3zzIBbIE8TDNFVKbZdrspXNBK2eMZ8lkLGgqcyvfIvtdPciYu8tfXXoQWLNpPJ0sqNHePlW4EbxiYrfdDLtybnf8VOGWfodpjeoZlh1cz5L21iYDnHTVGm/ffLwdKZmjb0cUzqP51qFIM4+IVqqwSzvr7pLY50XchLup6hv1aQZZX0a0xWaSD0LmBNIjhyTFzgxektqwV1XYYe8Q1+qMzrfyv0lVoR9ma0kkYT/V2uKdDQsR7/6RZTaf+y48DIqxlBQau4UhtP06vPVEJqxrGdY6f4UF9FLhwTjvTvYoXy4obJFDG6Ee3OcdDaOywjn1t3QhOcl/8dtB7tUpVAWMbo/tYo1CmtOv7Uo2O3JpE/aiedq6JD+SoZW9daF7S2EVhVv272JK6JBEZ1lWyFtlzxs10FTe4GnzPeWP++9SGAzru17nE/BizlRji3dWrrOtGyX0wJ6WFdJ7leRLRqeLZaYesg4OLjEFAKv+lvDY/HYw79coNGu6zaNeRAqtQaY1m6ptpqdz6qrwm9NPN0Ur5F/2tDRuz81cn8bxxsmMQ5RZs8QtMmBIz/oHdNwdlPhUoVMZvzdbLijWui4td6qQ1QilZpcdtwkvji00RnpqtEIOwtXl49C6TRUanslpplpjRZNlXxrAsfeQwsM8VVhe5aQvAi9PmqnCRu7LEfuinw70hIpC3vpqhbjMHMPM3zJLPtpZpWWJ4hwKixVWa+VavLRybxytkHfDyH442UDkpmVkXaMVDrxSqSAZO+n8rNCxbVnAFJ4POA9bVEWQAcG5FBae9mn1PDGYxFGrJY1JFfLWubzXlCTTwMQK7ahXZl5SyPu1bpTJ2+T5iKdju5RzdoEsF2dTNoBLsDMr3HCAW2aRe6sV8vFzyI5Y5AeSpy8uTo5WyIvgVZ721UA6W4w5lmYHJaED76yzIv4VFLKH6gSUH5mGSomuEr3SQmxdSNcp5OLALXdhZ1BpMM+HXDtlfkoLael7zPZILD0MHySdp8sKI1GKO64+hzIN2h1pVlZ0cPLW7lWnsBUa1YPIRquiJlcYF2ojUaoPFyedQ94Mkd/lygp7pRQ3MwsKZfq/5mtFHpiundxjDyiU+b108WI16dHUdan203keqaVx9kkKudrUnlhRWJyAy8WCQk6JCzoYek968s5VuLn3rlVP7Ztcuhq2XoWII2cYVxTy4VB+ypse5IXpidlCbn0eTSrnUOgauCWPh1bI81mr4hLLS4+VO1VrGCrb2dezdZhx6S2y2q7N/2W3iIJCLsiVn1JdZCxSJ9l5JyrkcEUZobvePlXIjuf1/VZjPgko5pUUblSGdwpD7eTFd7Hxp/5kKfIiUl6i+13pd0v2BNMZJ51ka8gSMUsfxRvw0kn9lIO5ZXTIgISuv6fVNJRTZTWhPkRUFPLy0w1UuILbN05RIbtwtUrv2rLNtm1Zhpjqq8NGtqbnbyxfc0xbXtoNd5m9W1TYYpPkrdrj5TGVAe7mpFjKk4b8RUE6UscuJ7U4/0rjhR2KK8XLy44nr4SWTZj1J6Eiu8utWGLmzh3HtLIa0LT1Var0JYodS/ppz8uKQSuc8ReHkxQ2evw1K2TjO8JxwuKj+VjYpmna4aDXmIaOWShJEuobVC8z0dZ1+buWLYyNvuPNFqH7kB/Y9i5UY66Kly3XcYS+7a5Nx1FvqAHtcBdToHKCwg30O4kOfhD1k0ni195I64mTdjvxK19DW1GxYT5N2i8fc0oGdKLn+wEAAAAAAAAAAAAAAAAAAAAAAAAAAAAAAAAAAAAAAAAAAAAAAAAAAAAAAAAAAAAAAACNxj+Rh4fzAVULEwAAAABJRU5ErkJggg=='),
(15, 'Astra International', 'Astra International adalah perusahaan konglomerat yang beroperasi di berbagai sektor industri, termasuk otomotif, agribisnis, dan keuangan.', 'Industri', 'contact@astra.co.id', 'data:image/png;base64,iVBORw0KGgoAAAANSUhEUgAAAQoAAAC+CAMAAAD6ObEsAAAAmVBMVEX///8UUpgASZTr8PYATZYARJIASJMAS5W8wt4ARpNggLEAQZCZrswOUJcAPo+zw9lWeazb4uy6wN12k7yitNDU3OiQp8iInsJrjLgAOo7AzuDz9Pnd4O7k5vIlXp8AMIocV5vEyeJHcam4xNjT1+k8aqWBl73K1eQANIuOocguYKAAKojk6/NzjLdbfrC2xNqqttedqs5CbqeQMb8aAAAHSklEQVR4nO2aDVuiTBSG+ZgB+RjEFBEpRBRRF23z//+4dz5Asaysdt+2eu7r2iuMOcDcnDkc3DQNAAAAAAAAAAAAAAAAAAAAAAAAAAAAAAAAAAAAAAAAAAAAAAAAAAAAAAAAAAAAAAAA+JKk5rv57Ev/04TUeCfr+rOv/Q/jEvYudBaotEjT9JOn8Kdwif5mGLEdvSiWy3lvvry9+6EqhIW8GG5ubp6RwJPENO/u7m5b7gTmV8idN6gQGrbu5qbHc+HcQmre3Yoc6d0oepL5vHfz+4Gz2Qx3k7AoPmuOV3K1CmKwUGjoLe9O0SlXMO+1059zenzym53r7ouMEcPxgiRZW1t3NZpW/3qZvUoFI5buPoibvmznk9a3y55S0BjgAoqcEJtjOdQLAi9z49E0+tcNHLlCBTOY+yDu/bJ5Ztwt50cJvd8b1y2lAcIfRnwN0cAoVv40+nJ9x2sqeEIUG7Hq52JddC30eB6EOlEK5EAa6Pv4vvpyDhpeVsFstrsR5XCZaumtqgq8aM5Hw70u86AdRoN8Moo+ezIf4yUVzNpuenPxMLi9navauLyrRhPdsMgpzHaCMq7+/Wflqzyvgjnlw1w9FpWFW7MaDXPH6kQww9OH02+gQfCcCuYcfh9F9HjBTBernFqEdZMmOPiDz57An+MZFcZWZQRPB9FHVOPSc2x2NoQdRl+1QF7mogpb36jWsXebanXfpdRgTwZ530vERRXEGMp8EI/PaJx5Z6uio+LL9E5X8lSFVdz0mmWxYp59UcOPUEH0h7nMh2pIqf2chh+ggjkhrw+aZvq5d3lZ/BQVxNqI94z7MLBe8fDdVRhb3iXUY0Jf6kA5RL59Jd9YBZlo2qIMjAvTJ7ZhUY7nGXpWhu5utVoN5cO0Hvvj09GieBIOfb5jMPZb+u2nfucdxeRhnSa16n90HtP718eM9i/u7qqohp5ztjDEly98/nbpxn6/iuoLncTKM4LjPCaBwX0lC35la75hCH9BoWn9gB/HcTwSXQzTtPjD33CtXp6mxA9f3N1dIN1+UkrY7saLV756Eb7aefiebsd+nFf8NoeuGzK2dd19zFU47OAeHMaCNozydVaejpI+klyV2tVE5aUjXOINKtpcsB1q78fTa14v7ikpmNeMzBjtxtTUHqqtvmON+I8to1P1i4VDDsewCyyyK87dMM2vHfkmFXxFUFrG06srYki2EbVj9YGHd/cNHqvwDfmDUxC99uzVcagpTjjQ0mlf6EkHo6yWnur+QlaUQaotpmKENu1XKqRWW2k9ygeD5gii6CxkeqS1Zi76zTSihTzsG1QwmzqFX11rQV4PNWJtS3T1KWftVC+rcEmgioUZcHs5o8ehMb/IwTpau+5M1O6A8GvhU5rM3GK2EEe+LxO+DoKKFTtPLgg/CVeZbWoVH0v4w2zlijlbbFf8EmV8ur1PJqHc1PTcHSaT61Uwi2bxmzQIxgbP8rFBF2pCVKflqRh2VZBV1d9b3r4T5hvOceyYT6T2Sp4B9WwqZyJ/S1JRgLmTIpOOs0xcYS6SUN7mvTh+lctz87maidgTrfnYSBfCql+DZmg6i65TwT2Uo/e0CTkpRWqQ5hyTgBDHaTOjq0K3qWWXTaXQCOOXXwfkcKZiLXe7YjoLqSKRt6bw+T81MpdLanSsqXLY9KhiJaO0kcVVzGT+ZccsDf0rVLzbA78KaohzFaTtPCOXt2dB02icqcgzi1nj8zB2bFiVCrnKV7t2jpUj94nFU/pyM5ey2joZVX6mdVXkauLmOtKiRM1OndGsojB+VcU+yP13t40uIe5utytZWzj5WSd2WwMe1QrT1hOzG3Y4hUkVSdrOSalY0Fxg8CRolp1+UjHNZvY2O88KW61TzZpqkdI4EScYe+u8ZONXVbytTJ5jWozw7oNajOWn35bMU8XxcdkcG4a8SWmgN2G63cSorHiswhhI6gsqqploVmWZOKkgTcdJz1QMjarZekXFR/At4saccXlsGDSZ96pheKzC9BgTn0YWmTwKu6giSo6t+RMVrizA/VzrqjioJBvM6o6KNJFBxd9VsWWGuth7h4hLGw+rejDkLava/eRhGhL5qMnbppM3Ws3FPVEhWyzqt2d6oiKUR3bPa0VfrcwhX1EnFaYqvsHrC+QDVIExaTYJEd90Tjz+vmaToLnVA89oVVD5WFlQuxBhdhtG279XeayiSni/pfVnPKr208cquOoRX4RpXAgVvB/hY2VYWfKweMaTMvJaFdo2TLVBefirWTHM8rbQrDLx2PK3xLCY2/bTgzxryuIib/qCrc6boVNYnGXqxvt8IjWRKsZS334t8vo+XweByLdQqShloHxBiYMkiWuZPJP1ut+EDYNgXYrzR7m6RJ4LZrFO7MrnlzJqb8H/wjVvRdcdqPnx/H83nc7UHWNe+vOX7/bdPAAAAAAAAAAAAAAAAAAAAAAAAAAAAAAAAAAAAAAAAAAAAAAAAAAAAAAAAAAAAAAAgB/Hf9AanJrQj3EIAAAAAElFTkSuQmCC'),
(16, 'Telkom Indonesia', 'Telkom Indonesia adalah perusahaan telekomunikasi terbesar di Indonesia, menyediakan layanan telekomunikasi dan jaringan.', 'Telekomunikasi', 'info@telkom.co.id', 'data:image/png;base64,iVBORw0KGgoAAAANSUhEUgAAAQAAAADFCAMAAACM/tznAAAAyVBMVEX///8AAADuLiRtbnHtAACurq6lpaWgoKBjY2Pk5ORqamp6enrV1dXq6up9fX3FxcVzc3P39/c9PT1cXFzuKh+0tLTw8PD5+fkyMjLZ2dlnaGsoKChFRUWVlZXg4OC6urruJRlOTk6NjY3Ly8uamppdXV2EhIRCQkLtHg/4trRkZGT4v73wVlD72tn0jYoiIiIPDw/2qqj84uEaGhr0k5D6y8n1n5zzgn7yeXX97ezwTUfvQjvuNSz60dDxYVzybWfwU0vTtbS0oqJAszf/AAAQw0lEQVR4nO1d6XrasBK1iNnNDjabMbaBQFaStM2e9t73f6ir0WbJNrQkED5zdf60SLLRHM2MRpqhNQwNDQ0NDQ0NDQ0NDQ0NDQ0Njczh8vHm+dhzOCaezOlyeexJHBE3Zi6XMy+PPY2j4R3kzy1/HXseR0OuCwRMb449j2PhbpkjBDweeyLHAjGATRrwvPrx87sn9M34RRUgt/yR7HMezeXy1Lzjjzv1M1OA3PIuMfTSBHKmH980s+/Bq2mu5M/MA6Rtg4+Um+7V983u8Hha5rpduaHb5QS8qyOdP4yak/KO1yTkuY4aLrkF5Ew1Fn7OTXnHKXnBl27M2l+6ggBl4P1SdJxSjPzTjOn0tVCA7qs88NqM5D+lCPFqGvNqv7me56ZP0riIF6wZzvfP81C45zEPb3iOBJUXWpb/pBTgxzJm7rxB3QVl+bu5o8z0QHhjhm22WEMkf86856PuI/s/sS2AW4DY8VYyAXzU81KS/7SiQCEvX+1cJKrYBFpTSf54cJBxPInQhkZCK8nWxSbwNpXlX21+WwbxKqJe6vDktebO/kWWf3pSp4Do3MekvZE8AI8Or2T5T8wApE2fRELvpizrkij7x1KR/7QMQN7esRO4VuSnGnClyH9qBsAOAkzeK1X+XPfF+ZlT9P/UDEA++YLAuRi6pqm2mckbIuP68vI+2ZoVXC7jQm9D9yX2uLP6MAHZvR7ZjQBTXerrJ3M5TevIEKgJdKdLguk0YQUylNOxcflqCv+QXQLezenSND8ef92tVqu7m98505xuJED2gKs3MyVmzh7uzd8rZfWefz4uN3AgXRqtcop3jN+dZgetfFrr++9UCoSeX76pm4OZ1QyiPZt30nuen8zknvhG+95fY33LrB6PC/PhWcne0Hn/JxYVMRd4fRWnZpnR4HAwHJ6dnQ2tjQPuYpJ2356fLz8SxpFV+fPzM8Cwt3nIfSwMxnFh0jeYv79vzvtEMDyjWGwb9eevYVJW/V+dy3823zruYzsD3awejiP5z0qWcb96/Hh5ffl4XCXjuavNYRF2i8vrlJdnAEEk/7D5n64JIXC3O8UxYe5XKzb2bXNwvPyT0fxQT8g/PAulSzHQ6WXcqJ/ju2Hmzd+YzIX6z+Dzo6rly6Wa9lilMzDNbnZEqP+8QT5fxyU01czfR5obWL5k9mpIGMCcx0AvcTNX7zfSjMBMKZ7KCJwS1/8Gb7pMSKjKdxNXgekys6c/HAEyBRgWo7akp1cMPK4C5kdGvT8BV4AzqS2pAmoFxJOsAl0z08UB4VDEPxJeEyqwlN2AnC6ZTjMa/DAEbP2rSut7igrIXj7SgOVVltUfg8UAw4ba/JTY6pQqGOEGM3z/TWExC5jH1tFJqAC//yHgTiItL5It8CCgHu/4mdwKJRtg+0BWz34SXErAsJDoeYwffJUyYUJAtt0/RTXdBQBeY25AcQIQLJ5EfTSPgsJkl1IHlYv9VgJqJ7/vJwKBT2/r876771fzTSDtKvRedQNKPTicGL98/AsLSaSshOEihKC9gf8spvR/BaXNGhB3hIoGAAHdt68dAPMoDSmZmQpuBidVxH82v/SVSXAN8FJ7FQYUH0DuDLrxNNpu8FMJSMnMHJIArgHJXYBAZkAxeVY/DYnUt4+nx5sfd6v3XUPCdA1IuZY/JAHN1Eg4glQRr8TCV1ImeDolyXTT/NjxUGzlCXqgCp0e/ZDmjA5JAD8KzDdlxJ7fWDygZrxTb8enn7wVrGPBEpGYhEMSIG4D0p0A4Dc1A+X3Yq0NN6OfuxiqJgmw5QX5FwJadroF2vKttp1c5lBcCG+e34rkv5QLgZTTYoqd/CtiBLRmfXAG7SL/xnQCeusxlydP/emFJ3We1wxjdgvN1TK0OO4IPvixlbb5jXBaLMjx/Nvsqr+Y/LUpQfSpygiVgFliS0wloAASi79xMClq+K/nE9E6ozEERV/NdFRFSmDbFN9fp8rn5IUJ8wJv6c/vQICyOdY3EkCkLiUeYE9Ysa2l2JM/KV/ucRsYbo8y/yubz326BXTN13geaWcCOmSK1ULxgs58AwFF0gtzatNlrQcVKl1TJqDfvJAErzT70RCOlsiKbEuMG15pHkQ71I80C5iauU+ejiUCSGxQIX+1iWi1VAIi+ZuIaDudJGnNCwIeBtDqMvGJPQ3EgwKucIOlzTtBA9M0HA7z9IuSm2B3apq/P300kAhQFuiBkZEggMj/0OICVfgDNtdwSgBTxzr5wISbCC44akIFzkqpFVIYPR4wloazRs34xbKnWHCaQjVzj5dfuBqMCMgrJhrCJydJAHGTI/KFJfhb9KYyMxtLFpPQ0uZDwMbUsM+VUsNBmhiOlDzGelAaPv+8u3m6esXi516vnm7u3r+YFYsI8JFy3lsj4tdjBBD5+3QEQsLzi1f1GQHCHyH5rfAStQaiVZLESzEDryTJD3qSenL8CiICiK4OOCawvrM4AcSmx/TJMO7ULao0ltLejiwAazNKHLgaEgN4hXs1qc/uDVXxsZbsV3pDIqCFkqirBCyo/ytH0rTlVznQOUkhQKhJCgFyfQTRgmahMSjXyoNGoRlbfejefx5AEGCnELBQCVjT1jV9EqIBX3kXdA52JcBICIktvVQaxhcfMC/vXf6tGrC2VQI4fCFNX36VQ9VjVwLsFEnTMd+7AzDiPiB0WhKgNUZAECD+ADP5CEzyXQkwav/IwHzLiWEfBMxBvkS/SkDAol8StyHWJb9q/AkCsA78CwUHWX+ZABKyS+F0LakBpIpnTU2ddkkqwMOc3QkwnPpfGRgOJ/sUO0IsEozcepNOXCaARn01xJgiEo84A7TZ+BQBUCq9Xf7S4lB5YIkAEs7fUkULR8zZpRyGSAAA7m+BhDk41ETg4U8RYEyaW5RguO3C4IuQT4M0cEcXTXosJBFc2nGYhIOgDj4dN+7QYyE1kc8RgEOisw0UDOebjgn7ABAgwvMFkkHESb0QgSiRnBVLygPUI36WAKxa9ZTQpzTsHbQKooDkA1pjLaQZkfOskhmaiXEj7v6kyw52LiYBRRQgwZFZhC9wftxaEF7r1edDHgNBRHRWGOxByK2Y+TP5Y6MJd3n9uthzAp8ubN6X9shWpcNvKDzyQDuIJmp1mtJmUvUl+/X8rfIDHBwEu4t6fREUPWvTfbmGhoaGxpER3P7VoWcMVmcXiUKkXgieAFDaaXgjPJRaUJJhwK126d+HawI0AZqAkyfAqaWcRWzWmCDArqWfWmu1ZFsr5c1Hr/yPCAjgssNxSYXHWElbhzQNXrFiBNRclvuO7i3zyMdHwgJp7ysVlgOSVEYdKQ9WW5Avu8g78sOAVq9JLlvG7gFSAioEAXCh4YXimH8rFqvWFo0dhYBqdCnQly4Fglp0uyAOy85ctD3wa043ep4cpFv82qAVDeYlKd9AAFx9dKQv5jfFSuXHbXSRYq/lDlZrCG/z5WYmrJp/CuPy03Qz3K+S26eqMvrhGwmAtSyEIdVgX/QjNO9ZVp5Llo9E6vSsgUd124tGo4dZIySliCyfRpJHqDixy3koQCDXauQ6ObDK7L0yAZCFOQ/ynkdNbPuP6/dMAMt4uGL1bqV1tCQCYGprpuH2OZeKEsBia0/wAirNkssGFNCcG/S2kfmDWrMNSiEIMApFboA96esPA5UAcU0GxuAa8bRJSxBA2iMPPmYaQwgQ1SOwkmDCA0WR+9QIqihWOiURIGHGJnIwqASIZlhsuMhV8vxSGQhoslRiy1LklADBl81eWRF2DwipnHX1zcYGAgy09Ub561AIkEonEUkX2Si2TmNKwITpsYBLF6os6bpBaaLvkj0ZfSfRoaq8yykEOIOG1wjLxAaVZPS+oRAgbdyIfC+sllLdw3aBPFITpIQRn75NWsRzIio0Vuwyhw1ZBZslG9HIFYokEZAXW2/7QalI2j+2E9BDsR+MhJSAQFFqNv6Wvk0ibEwIiIKLCNhc7Af+IaBGIwgoqzvssQlQVtqiBCzSCEAbCGigJIiXj6ovyMbCCaA77G1zsWj6xybAQzEf3KCzBZNXPJhDx6cSAKSN/LEMHmlbwYgyAN/MCQCp23zrs/tHJWCAYgVBASUAiFFu0kDIygYCbCRtjQnUqB60BAEwfB31+0clwBDqGjUDAYndAaLB3gYCiLvbNoc5fZgR0FC17rgaQLZwafUW3GB9VQUmjJB0AsBg5HvHeHl3mX41I8BT/I59XB9AC4NFfFgQHotERGKaRCFcYxMBJICM7pIrRKLKWOx/zLMyAizF7PwjE0BLwyvECmoXksuuRu203HjE35YkgBLH1Dq8JWyAVrB/QsaB4LgcOUFpsO0feRcwaOiOvXKTFv77nACyNLi9vmDVEjZ/WwoBBrtRcd0q3eId/gM+3ET6INrlBBCvOJo1GgX26uMSwCSlKDQEAVQ3ONot8bZEJAioK4PhFCX/6gatHYkA5c2VNomwDgguN9ixdLzxI0lEOcjIIhLya56wL6aZl94mXRkuovozaTBzHU50I9IUDxfUb8Qvq2zbQ/cB2+W/awiU2K4oRYBhUPJL9OcrA+lXLMZkVhmPS/JztqvcJuZn0ZF5MLuAwXJibVCol0r1vJ18uEG+kYwt7vvH2xoaGhoaGhoaGhoaGhoaGhoaGhr/d/A3/FN+GxCKzB7L70wuUupA/4LZ9oLcwkHrYCJQWdDm/9koDQueqRqwuqj8J27qR7Ot3ecHrYSKEMA6NLbmapNYc4WZfb5ax0Hbi153XJPP4hytbyvGolOl+YuyL3K8FixuAdIY1abRaiLkg5a3vRnqtWDuAUJjZ8xyvA+h0egXo9+fkxKooG04+L1jEHQEptJ0jcm6NqdsN1CRZs2CNc381asVWmRhtfFkrB3X5LPIo15jYtyiQnmBalij3ZrF8mETZEMWF5iwbdQZTC4wIza6bRccD0GWr1F2H9gyDVDLqKJ6uccKZAeQGJyggYPGVrmJP5RJphA7jAJCTZp3WeDxHowvNAY9SAAh1CtX8YtCFJTDdf+bXADIgsWC9UGhQX8fTpNXNl7m0hh3Y0LOyWxwb4+k9ZtNTBwYf4UtUxFbAtGcPjNcIGa9MDqkQg7NjAKoBCxqR+TRiLb0mQZVqpivEPLmA4Mk3ydoN7f8aVQgC9ejpQwtC1Uw+qyuDw0sVEN4zTAXpEBn7BoVQg5W1DaZ+Yw5Q9xTo2vMsmrYScwQFocoSKdukB+iuW3DEHLVSCUtHg9pvzUeTzgaIO6P/uIh9gYyY8JCYQ32IP2bqsjCnZgCC6bFxpLhoM9U18+LfCh+1oB1Y7UelbqN2yY0RY6FJhVkWD0iy+7R8U4IXWXMMOFo1gbCDXmjPSzKZMZELDwBdTN4aGNVQP0mKCbMf4GYRJgqY1QlQtDSLZhtCTS6yBP3Rd+HAcS0XFChAXg9ywhE1egF9ONVJzuqiwzKUdvFRgnGtd73P9y6AdjruS26bjDZ25Hntbn3OQclpen8Oip4Ppa2SIq14Lf/Hgq8Cs/1gxBEVr4pQCkk/BGgojcHO0B9L4CmW7H3E9Lxm7DWhReownSDjS3Eq4YPB7fdNBrAdpn89w6LflvEHwsw1wqdSP68v8CL75JU/wXYiHfeL+SZOAvPqM2BxBL3cBO2PfTG/TooTa3Ud3v4zXNe7cfGW+BAx41Fw/DAAiYQlNjN0cVg43+6mQVMvHCX356eHgr7//fnNTQ0NDQ0NDQ0NDQ0NDQ0NDQ0NDQ0NDQ0NDQ0NHbB/wB3ajA0AGreowAAAABJRU5ErkJggg=='),
(17, 'Bank Mandiri', 'Bank Mandiri adalah salah satu bank terbesar di Indonesia yang menyediakan berbagai produk dan layanan perbankan.', 'Perbankan', 'contact@bankmandiri.co.id', 'data:image/png;base64,iVBORw0KGgoAAAANSUhEUgAAAOEAAADhCAMAAAAJbSJIAAABFFBMVEUAPXn///8ALHG2xNTFy9gAO3gAOXcAMXP9ug8ANHX+vwwAN3YALXH9uBAAPHoAL3L+wwr8shMSSoNxiar8tRKktcm9ytqTp7/7rRb1+PrV2uP+xQmbp703WYkANnwAKG/m6u9Nb5koVIgANH37qhj/ywAAJW5be6EARH8AMX5EaZbJ097g5+55kK84YZAAQHUcRnJwcVogRXVYYWSwk0HXrSTetBxNXWd/cVi6kTvhpCroqB/FkzhwaFxsbFzCozMnSm9HVWgxUGzwwBGoikJjZVzvshV9dFbRrifxrRTanSjWpSqjkUOHeFGvhkKXeUuRg0vJpS+Vh0mxi0Cxmj3NnC4/U2uNeFBLVW5aYl8AHW2CnLo/kqKYAAAKKklEQVR4nO2deX+aSBiAR+wM4iioiXcCBuKJV9o0aZq2m6vpkV673c1u6/f/HjsXiIomu78Yxc7zR1NgBt+HeZkZSEAQ23TAqgNYOtIw+kjD6CMNo480jD7SMPpIw+gjDaOPNIw+0jD6SMPoIw2jjzSMPtIw+kjD6POLGXbdJ5uA2w03LDSBllI2gZQGmk9mDOO2pUEINgMINSsXnzAsNxto1WE9MNBqlseGXVtddUBLQM11PcMaxquOZikgrSYM7c0UBADb3LC3iSnKUXvUsGKsOo4lYlSIYVNbdRhLRGvGQC216iiWCTTKIL7RhiAVB1ubnKQkTXugvylTtXBgH+RWHcOS2XQ/iUQikUgkEolEIpFIJBKJRCKRSCQSyX9CJ0Twd4D3jBpiRxs8HQ6wE6k/idE1xxwMh8DBd0ma2rPD55l6vXp0eOzojxLcA6A7wxcnL08/fDh99Vpb2DLYefO8Ws0QqtV6/bdhNH4hrztnJ9vp7SyhlM2enpsLSl7cZJLJDDckjpcX8xR1hNflTIXm4CqR3maC2RIh+2KeIilZTSYDhkRxGPoXlMh8ev72Vl+LExWbL64T29sBw1LpWWjDYPPddSY5aVitv3dmW0p3bk8+kKT4eDw/HR4LvX1+k0ynJw3394ezPQgrKQga1j+1p4s6wxO6O3asVqxIEvQwmUjPGn40YUjJZCIxa1itHzgTRbHzeTvt7+tipYmq4c806hDD0pfJY4/xuwQpGWpYrZ4Hklp3jm8SfGdsXy+frm5A0dvPnmdo2CGG+6Vgb0NK0lSeZ1g/GngNRXtl2mv5hvulV9Pp8FhAZ/hbJsnaJdSwdOspkgQ9SVPmtmH9aNhGOtSRA67o7oKG+6WvzsJAloWJv2VovzjPkCieO5jOPk30mWyfZ1iv19nPT+cDMLi9Snpn9dhwfyW9DXLeHLGBbZFh9vvxEAzOXrykY0mYIbW7vGSOZCFznayOcz5guH8a0jMvF7199ns1kwk35KHxkT/74fQ0y7aFGNarv387PhsOL94eXtYzfHeJUMP914/bn0ITfWITy1DD0y+vL2i+vfiYZY6UMMP65eenjknTGGkO+EMohhmWXp09riA2Dy7rbOY8bUjCOjlu06ghOfvax6fZuYbVy3dtc5x6evv4co5h6fRt+1FzlMTynnYNoYbfz4IXfBicZMMNM5mrwVTnYV5chht+BY/bzehP/+R934xhOvHX7dTFnm5+CTWs3kyXJJjns4bZ7Kuzx76A1MEl79ynDRPXb5yZawTd+T5rmLk+CL20dw6q04anP1ZwgYxvw9owkb6CYcmkOx+nDJPJq3lp1z7MBA23s18XX0ovC+dg1jA5k6Ae+vDDhGHm5nxuv6HD5wHDxMlZyFXVo9A+nOppktdvzLkH23y2PTZMJhaUJPlxdi1G/HTi9Ie5sgk3bNPO1DdMJv8wx2kHVYMQfObK+TstDBOJK3PxJBoPuWJi++9FR2Lp6IOj8XiY+esikEzQdisENxcQaZ+woSQ9P5XH4MHhdTJ5fbWyBPXiGL4XitWpBIU2f4g1aKjr3+nZdfP2Ps2im8N//hmsLkE9kHlwRLub5Dc82S9Cmz3EWg4a0qh//Bia97xrqCN95X4Usz388fbcmblVEWZIosZ4LaL+b5CoZ+8CzjHcIKRh9FkLQ4gQnL/IQShs7YIK3tqVGUKDvlkC0ymH1ep3cpbBI4ApK9fptKxAR440xdLsTqcPrJTfk2i0Op2ooJRl0wrqhAFiu8mRCkFDVkmhu0bsvRb087DB1vBNDzpribuFgtskfXaxxiIoIkS9c3EWULfnRYxSuV6hxkftcrwjDoRapNXzKkj1+XspakUwDg8afb6bWLxvjQ21oksZaQB1aPVCCyB1L19we5rKNz3kg66IBT1qdGr+K11sDFO9srfoAuYC7by/ioXMB4QU86o1lLy/pdb3wkPaeG2smPMNeaVY3gB4j89z1H6F/twxlAIv/HCvDIAqe5fEjh0IvwutYsDFZc2lbcUmqSjMkDnUfsYDW8o2z2EEKsEKxRBD1OGGu/zjl2EIFBZFvhaMZac54TKiHwdbE01I61hktcENixNbKqwRoVaJzTLVhtywJV6hsxRDaxxGzdMsU5lyzVMqW7QRLZe0br63t7flpWufNJWxM47drxBjp5HhpWjZjVf8TVNt2OfH0Du0SzV0OxrujF9HlLdVXbzwhb+FQRsVOkpKw1iz7JoXYcCwSCrsiZ25ZAuyvQ0tS7Fyvu6k4S5fSf+pPKmMtCUaFgzSBWrAa8aihcg52he2rDsHqjfaqXtsdRcHDPcUSPLSEPVJaUWcmj2WAbBRXGBIP982LAWB5RmWW6x3MHr88yoW38hD6bKlwMXsT964NvQNR6zfARp3j3UwSPH/xS1RKdVdZJhv8MO3PEMRCBKdmnjBC+ZdTjnl22F6pFsaj7aDgLojDpAogUV9TVRlJytD7S0wrGmi/vIMvSGWD4+xPT5qe/MQ0X5Iwc2iW6t5XQopJQwrYgIADFdEqPITr+tPccTAEG5Y9N4oszxDT0mcSLv8yENQDrSQshufHDGaY0PFi5C/VczvFOPehuC8dNbQb+mlGwJlwlAkHZtLwuAE5S7DvGrxRB75oS409GfsKzScmqDc1YZqg++o508wFxoqqzeEBv9oMune6uzm3M0z1ETXmNfIoI+swp2GIkuL98vS1Rsi0UfmfwZHrUWGosgTbzj0Jmhrawh5JHxecB9DMVrU/ImCuDhZV0PMJ5ldUapRudPQG/H9N4uJzF5bQ55iNV4KtWJ3GgIlJqrwXYm5LM2HtTREOR5Jn99bce9jKGbelVYKI83qeJOFNW1DiPn6bquhNGwhSDNwvqF/9VTeaXa2xvcA7DU1NLwQydWsH+zWIkOQmrzwJ4XW2hDZ5dlgFxsC1Q1WicV73q7X0hCowTtRBX5akknnIkOECoE6rhguOutoyH6raTT9VhwZ/LZUPDV/5k0XkOHdgCExa2JaRD4pVZhv6F19PZwhbm5RbDix6L3WDbKlLTZsa9rIrZVrhRFWAWTF9hC56mMFmt5dYLTHljvi6ktFowKr0zIAzHmfFCjE1235N5HFpv5DvuUYaxQ4uRi+VVMajYbClth6GgZiBca3ufmyHyDkddh1MPT3FSikTX7edH2JRCKRSCQSiUQikUgkEolEIpFIJBKJRCKRSCQSiUQi+dXZ9G8izf0C35bbi8YLlv8vWu8X+Nbq8iZ/eTwARvkX+Pb4WEXZ3L4GpirE0HvIdxOhDxsTw5i9Fm8zXwLs8SxqWAObqYjZ6wSoYayb28TeRsuxpzqZYazctDbtz+GRJR4IAd4zOruWtjl9KtSsXe/JLM8wFits4YaVUqJPymrgrfEDSGND2uW4hXj0KbgTb9eZMNxIpGH0kYbRRxpGH2kYfaRh9JGG0UcaRh9pGH2kYfSRhtFHGkYfaRh9pGH0kYbRRxpGn803/BcLTX6ha32rJwAAAABJRU5ErkJggg=='),
(18, 'BCA', 'Bank Central Asia (BCA) adalah bank swasta terbesar di Indonesia yang menawarkan berbagai produk dan layanan perbankan.', 'Perbankan', 'cs@bca.co.id', 'data:image/png;base64,iVBORw0KGgoAAAANSUhEUgAAAOEAAADhCAMAAAAJbSJIAAAAk1BMVEUAYK////8AVavF0ua2zeQAWKwAXq4AW60AWq0AV6uOsNUAVKoAUqqwxN8AUKkAYrD1+PvB1Oju9PnY5fGjv91bj8Xm7/eFqtLf6vRznsz4/P7R3+62zOR6os5okcUzd7oZarRNhcAPabRBfr2XtdgqcrdrmMnT4e8AS6d4n8w8e7zH2+ymwt9TiMJbkMY5dLepyeRBdSF2AAAMXUlEQVR4nO1dC5eiuBIGRhICKE8RURQRsFu0e///r7sJDyEBVM7ObF+YfHvOzA6PJF9SVamqJCiIc4fw0w344+AMpw/OcPrgDKcPznD64AynD85w+uAMpw/OcPrgDKcPznD64AynD85w+uAMpw/OcPr4yxg6+a85IHf6GVpfBkTSHICg8WV1GO5THQpAmAeAAPV4TzG01/pc2NUA+tpuGPqp8tMN+gNQIr9m6AH40635I4DQKxkG6TwJYoppUDAM5Z9uyR8DCglDR56bkWkAZAcz/JqjlamhrEXBRvMdQjKItrBEP92KPwppL3zO1ZCWgJ/Cdc5CisX0KsQzZxj9dAs4ODg4ODg4ODg4ODg4ODg4ODg4ODg4ODg4ODg4ODg4ODjmClDjpxvy2wEAlCVNX8HoeD2fj6mw0jUkw5kwBUBBIP1KLMdsnWEwnUVyjyBSJk8Sczhvclu0d+7mcE4NKGsICtH5sLldTNFbbFNpyvtvAdLvS1t03HWqaEghUkkEkygiVJAGjtneE/3kqE90Cy6QYtcWrSyW0UPjMDXY/gdSUtUR/Y2AhrdwKqgPuL9eVE/6kTwEENOBoLfAJy0YquFoiU4ItbamyTA9fd2/jWZXMdZS3VA9cXEeqkAJlz1Iwns0rMRY9ZERfZ9Pp6OhGTnuQOpmX4HL5WEsRcnZXSl6AjTU4oSG6C2vVJWydLfEbX8FgJwH6IWZZ739DpB03N4uXvmevcjxH5jjoyVo019eMvLEAbyLES0dqDpkUxZHHyKCq8Tr3y4uLQcIEjhHtlUA6mnidzvFVqXqUWCYPSVhuCN3c6PckqgLckaVt9DolkXiV++AHJ8QxLjTvQjRejfwpLkBhdXWhrrsn3EMQSrSmoUv0FDpAqWlo/eUo+fPGYrH1sgDtHaePGqq5Ezaeej2Quqpfxhy4tPznGYxBZoRdR8P1rErpljWXyBv+kWO2DrYKrEVR4NdZmmd6p9BszeUimApZBHSUqk7XUUA0rMxKZHW/bLaDtmkGl+KoHwN3t2NYohlgR4imHVKZPQUfpqdKU75fEmwNoEA7F89mWu4y+zB271aMgi0ZHpE6ZroC2sHxXXH1nivGZbqA+PLyyevWEbV4dveKIa6vaGN3BsM0Y49fTM0c1HISVcC43VfYCUA0RNBtsfYUmw2UlrilJdSijvBY8QUvFKsohiNEPRfPmcaQJCeSbL9yg+kG2uvGM4vLY0AvsVv2vzemDcCk4C5SOwTeC2i4lYW4OnZA7bxPkHcV+wACdqCLZA9awOgR5EG106fGHEUpXfavmLl1V4aGVH0sZYpebeDGphjDv8gr6WGEOmrlSbHbHM1fF2XWp6rZO0pd/Wuqi71SgpJwCBTzE1dkLc97XWsZZIsrYd6nkjnRbHg9jxblZS+zxCL5Ll+GqDT3g+CPNMZr+3jurdFz9o2h6SVjU+NPA47wvYrleTTvnio9CjAbgslhGQZISneFCT3ZcnAaD8WUB5C0ONxDDI8i3H9v3FdihO1LWP+8Ki9Uz3c2IFhvG+JckAqt4qatC8KQKwn45z0xmgAWcu8hwNFO6VWQr034hAezOwqygWgUZrg3lDMjZYy1Q4sdl0ZQTGo+TksugJqrVftFMA1Q/AmMyZMAbfKCWb8+DvN8PR+gKhsnGqukyixP9fz7QW2rXsdNwE5oOMLxvbFuiRJetoOHq4KkBk7mvQ4X7WyS5S58z9ohvf3GSJ3V5sMqogAlAIVyLT7G1ZyqnuqQpdDPWblGO2Z3T4qHd98/+TrFUyPbXWa4YggX7KqyQJSlgJbAKMwEhnjbtYenrajne8XfncewU7MYj9rpUbFjqaGaIbZ+wy12v9CrG1ekzJ9ifFVvEqK0GJPe07P+JlhEZ4B+ur2SdqOGW5VltW332Ug1WPRYegTy56x7q9XaS1aUlFoTzzSKiku5g5Ii4P9LMOsU65dEAOGYfg+Q7SrQhpWSrGx2WEHkY1g8kpK0Y1yhZ56kdikkCmBcZWenZxXaMfghthwQH0/FfUYQ1aGsBepipdOHqEWD+TmbYbacCxXwMIDJtFe2BNBA4AOP/D8zjAckWyTHnFQJ/5x7oQkjUcoSY/hqyQUbhJic41PpjSmKSQkYRiOSLah/a/KSRLikG6CeRRDxgdZSPU8j/aLViVM/QEBQ9FQmOl+mCFgdOOMINRoJRrxcYjHfCir9hl8Wm3xiMRDS+HtnZoKll/7B9atVYlGTZqWEWGkIdXOjcbMO70ZybJN9Mzgndbr9Z2Zb99PtmEXumwzsV6Oeobp5jETpeK6Zui7Z5CGVvDwCDWnpQogpl02VCytIkosFyvGlCVDwwDe+KzciFQUPJR+KVBKOxDkITCqPjwG63JIF1d9va9IVAka3fxsBV20ANaJLb1tYP0PhqE/9J2VTjTdg8v7Y0hii4Kh0HR4fpeKSq5mwdBJo2Vzs/KX4iboYudSr84ZSO2mmh9sMi7rsYfgHatF2vS+LQVxUKo8lbvbRaQ5Z5swtGSqT8unccc0695AoVy2h4LKbaU2P9iMsRmxmgjkmHW5hxiOWJBGlQtNq3dwVSuGDqQCAqcM55Rt0MgJE9eWcgzAihnZzsqUF1GCChBKVGU4ld+GP2JfAaryNECjBiKAjnj2MMOUnjCuZb+jW94YCjo5F0hSsSx6pIMSS+t6BcEnqldkgYKiJMAqjIaWa+jOMUaEwKFZZRyqeEkMbBv39uJEGNoWkS3brtwR/1qZF8lvmVJarswicsrZpKiqoB4L4iXnGEqaHF8LE+5Kr1c/CoxJtjXROkDnjZuE66MBvtVAjO2T92VnO8zVANF9q7rJoU7UYLlsTdir4aRYgwgMJAht33f8angFsHqdTSVg1oqeo5XzxqIik0V3AKSrmO1O3sGMRFWDZBlfkcmumnrgv8ymEzuLcX0gHtDqVbLbRT3Z6F4EYxiiW9/0KSUb97T72qV+XyD+8PUI5CcLDFSLXjU/MABkOqFMLBMwZmpEOpEY/r4OkaEMNaiBPucByEHWzPf6G7YhRMVrz590Ucf7j/TqM6UfzJ3vEQxxVNPEk8rwPNOyz9gctJLOxusliyoUGN7KQIDnRzYcXTymE1ZQRn3TC7nOY45OVEOQMUvmfSgDcG0EQ7Nai7Dw8JLgTatelYcXPYshTJhLjTljGY5IJ5br+GULlG2u7jVXTYEhYItDqGILCyFcu6niP5YlQdzO5nXSHx1stEffSMOqGMTQYC5dmjmXZdhdv3yGx2qglB+yk2Hf7Y/l1+dnlGCq4JhbWeRsko/drf5uJkrsZoUSKC/s+47akIPuQ9kAV+q43C1lZxmOSLYJRWhQugiaqNvHk7i3PvzzcnPfhVgPvp3wZlyArl+cagkKALO1mAO+n/JzDkxaGw7tUQCQnXXaX3lkGY5IthFI/lImpSHLctBNdVXZiaz1wcuxy2p4+f7Dj/6Jd9dN0XFAD4PWAmU3g9XAd49ax3QB7dy3hIi1kKXe3kDBMtyMYwjXpul+axBIxlG63W9b4F/tOPwV4yoU5yquNrsdWEd4NIAiHW9Upgse1F5sPk+G3h8CQv3oMvOe6UUgZkpI2vYOnOibp5H7QBWQXcRLaGiYhAy/I2VrJXpYrJHI7uITwm8BEHp6vHHE/EA59lDuhaI80RSA5GOW/No5PnbZdgv1nhJPSmGKoDfxPLn3DnDpqWuLu02sF5tLsfv2YE92REKoSHqqXrCrnKIxi+iDFZLN1iSwIH//R5usAVodE0+0rfAcAQmRQSggI0kWoruaB6KTpKvfuk34P98qD2Q9ypZ+EHiXfRJus8Mhy0LV/YVdf9txD7E+5V3QNQBEKL5m6h7riGfbHlaTX254/xa03yKc/y8gW7tLMcXKj6Ry2/ccMcvzJBwcHBwcHBwcHBwcHBwcHBwcHBwcHBwcHBwcHBwck8GYjy1MEcZf8Eurc/+13PNf8IvHM//VarQU7Dls2xoE+eVx8TDRT1e+BeUgCuJlxj8fD9AFMyyPdswTKBQJwyCdqzmF5LgKOULsCfOkCIsPxhWHpP14jtZGiYpjH+UxcHOtzc3cAG1dnoGsD7rvj9qcxlHR0vpcfHOU38rASpPmAG0lZM1RFOpjBV6+INjj/9p/d/C4wTzJvti63FviYAX/riL6wPEbn2OYODjD6YMznD44w+mDM5w+OMPpgzOcPjjD6YMznD44w+mDM5w+OMPpgzOcPjjD6YMznD44w+lj/gz/B+DADoTJ3FVQAAAAAElFTkSuQmCC');
INSERT INTO `perusahaan` (`id_perusahaan`, `nama_perusahaan`, `deskripsi_perusahaan`, `industri`, `email_perusahaan`, `logo`) VALUES
(19, 'Unilever Indonesia', 'Unilever Indonesia adalah perusahaan FMCG yang bergerak di sektor produk rumah tangga dan perawatan pribadi.', 'FMCG', 'customer.service@unilever.com', 'data:image/jpeg;base64,/9j/4AAQSkZJRgABAQAAAQABAAD/2wCEAAkGBxEQEhAQEA8RFhURFRgVFRgQGRcSERUWFxUWGBYXHxUYHCggGRoxGxUYIjEhJSk3MTouGB8zODMsPSgtLisBCgoKDg0OGxAQGy0lICYtLy0vMjAtLS0tLS0tLS0tLS0tLS0tLS0tLS0tLS0tLS0tLS0tLS0tLS0tLS0tLS0tLf/AABEIAMIBAwMBEQACEQEDEQH/xAAcAAEAAgMBAQEAAAAAAAAAAAAABgcBBAUDAgj/xAA8EAACAQMDAwIFAQYEBAcAAAABAgMABBEFEiEGEzEiQQcUMlFhcRUjQmKBkTNScqEWJMHhCDSCorGyw//EABoBAQADAQEBAAAAAAAAAAAAAAABAgMEBQb/xAAxEQACAgEEAQIEBQUAAwEAAAAAAQIDEQQSITFBE1EFImFxIzKBkaEUQrHB0TTh8DP/2gAMAwEAAhEDEQA/ALxoBQCgFAKAUAoBQCgFAKAUAoBQCgFAKAUAoBQCgFAKAUAoBQCgFAKAUAoBQCgFAKAUAoBQCgFAKAUAoBQCgFAKAUAoBQCgFAKAUAoBQCgFAKAUAoBQCgFAKAUAoBQCgFAKAUAoBQCgFAYqMgZpkDNSDNRkCpAoBQGM1GQM0yDNSDGajIFSDNAKAUAoBQCgFAKAUAoBQCgFAKAUAoBQCgFAKAi/xA+VFvuu76e1VSdrW0rQyM2PpCr/AIh4ztwa30ym54hHLIfRXfw0uJ5Z3uDrUvy0TkLBcyrLdTKPAMbsRGD9x5/HmvS10Yxio+niXlropF89nh191RqNlfQ3SLc28cg9MNzMsscu0jeTAjkRjDKP9watotNTdXKEms++CJNpmv091vqGoagszJdPBENzwaexVUXwGIzmT1eQTk+3jFW1GipooxxuflhSbZIPiHq+ppdWyi8a0sLnYFnWPa0RYciXd6kbPtlRg8+DXNo66HXL5d014LSyd/oe9jhup9PLarLKEMhm1Bi8LqrAZj9ZAU7+CBzjk8Cua+G6KsW1L2XZK9ieVyFjDVDBRnUXWeqLcfs+3mSaS3n3xzQYLSoInJikRfQzAE5HHKeM4Ne3RpKHX6k+M+DNyfRs9O6kuoOqXOs6pDcdoSSHuR2VtGx2kRrEcdzhs5xyBnjNUuqdS3RrTj+4Tz5JDoHUN3Deto19c9xpY99rdRhFkZSrEZUgrnCtgkeV98iue2iEqvXrXTw0Sm84If17qV3Yv3LXqJrgBirRiWPvRn8onpYffgY+1d2irruW2dWPqVlleTf+IfU11BDpgmlm3zWTO3ysptj8yQmyQlB6lGT6PBJNYaTTRslPb1nyvBaT6La6dmElrbSK7OHhjYO5y7bkByT9+a8yyLjNp+5dPJ0aoBQCgFAKAUAoBQCgFAKAUAoBQCgFAKAUAoCG/Ei2llS3SGxtJzvYtJfKGgtowoLuckEePb7eDXTpZKLbcmvt2ysintU1DSJ7wObYLbWyYCWcfbe9kH1N5xHFxnk52/rx7MIaiNWM5cvd9GbayWVDPZanbqZIY4rvVbaaOBZCZjHHGHCEHGI043cAZP3xXluNlE3h5UX/ACX7R5pPpVo+l9qftG4tpLdJ4QBDKoCJiRvIbuYYN9wQSM1LjfbvbWcPLXsTwsET0yw1a8tL6zl1GA9iYW0kV/yc5Uo6zkFgS3C5+1dk7NPXZGahjKzlFMNonHwqh1S2WSz1CBhHEAYJC6OMZwYsqxJHuM+BkfYVx66VE5KdT77RaGfJYNcBcw1AUOvUq6Pq920tlHErpzFayEoo2FkOwelnZtuSQNoY8ckn3I6Z6nTxUZcr3Ms4YstFu9S1OS8Wyt0xsnEV+rCOeN/J3KGVmGfqH8vHkVE7a6tP6Tk39vA5csnc1Zhd9S2McGCLKId0p4Tb3WK/oO4i/q1Y1r09FJy/ufBZ8yOX1nrWi3sN0pg7V/Gzxx9tCC8iuVB7ijYyHH8f5rXS1aqtxafysh4ZH9LMdvBcNdzi5ubi3Npa20b/ADLxhyMFmUlUwQuFBz/Wum3M5r01tinlvoqnwXz0hp72tlZ28mN8UKI+OQGCjcM/bORXgXTU7JSXlmqXB2KzJFAKAUAoBQCgFAKAUAoBQCgFAKAUAoBQCgI91ppcV7CllLdPCLiQDERUSShVZ2jG4HjC5PH8NbUWOue9LOCGslW9K9RWrC90ux05YpJ4Z44JHcPNO6o+FkZgNucEgZwPH5r1L6LUoX2Sysp49jNNdI42s6Bf6NHYX0soadlkt1jPrECmF0RAwOCcO5wOM48856K76dS51pYj3n3IaaO7/wAG2GlyxftW8V7drYhIZS7SJO5TuskaDhOD6h7kZzjNcz1Vt6fpRw88te31LbUuzY6O6QDXMxt5xd6bewvBKzNiaMqAUV1bDb1IABA8HwKpqNV+HFSWJxeV7YEY+xJPh2up2lzPpt4Hlt4ULwXD5OV3hUTf78ZO08rtI8EVz6p0ThGyvhvtExyuGWHXCXMGoBUXWt7p9vI8H7LubsQT/NXcqDMfdZGO2SQqcgLIDt4AAUfcV6mlrtmsqajnhFJYRrWkGmSWkl5Bqmr2dosgieJHbto7BW2KoDED14z4q7d0bVXKEXL7ELGM5GgdU9PWwlsoBcpHKv725O9JHI8KXQiUe/gAcn7mpu0urs+eXft7BSij5j6e6dktJ7+CG8ljt22yJG7iUcjna7DjBDefGftipeo1kJqubSb6zgYj2Z6X16ztUu7y20XsQW8LNHcXLnuzS5ASBWYHlufpY4xz5quoqtnJQlZub8L/ACFheC4NPuRLFHKAQJEVwG8gMoIB/PNeU1htGhsVAFAKAUAoBQCgFAKAUAoBQCgFAKAUAoBQCgIj19oDXHyt3HeLbPp7tMHkG6LaVG/cNw4wvn7ZHvXTp7duYNZ3cFZIglrrGji5OqR2d0zW0i9+e3AitO5MCnc7Ekm8KSx8DzzznnslDUemqpPh9LyV47O18yk5lttVuIrie0c6lbragqpgjXdGpYIFbIP08nBHJrDDhiVSwn8rz7k8Ps0dZvdOvrjTL0dsukT31zht7pFDEGWJ+cD97gbePDccnOlaupjOD88Dh4OLb3NzYi6j02ZXkuILeaeUsDGlzJKySLGMEFyZogB7e/OK2ahZtd3SbSX0wR10Sr4dXmoRX09nd3D3EJWYxSyEFt9vJHHNj3C7pMYPuvHvXPq1TKuMq1h+V/gmOfJZteeXMGoYKesviZbXTXFjqFtHFDK0yyyB2QFPUFyqru7hwo8/n8V68vh9lcVZW8vhme9Phnv0iun3Nve6fGxFgoSMTXBEbTXTs7l1LY9QAjwMfwjis73dCyNr/P39kiVjGDm/8HarbD5dbHTNQijysck6p3Ix/lJLqw/05P64rf8AqqLHvcpRb9iu1ne6D6HvrSLUGeeK3lvFAjW3G9ICCxDY8fx4AGeB5Nc+r1ddko4TaXv5LRi0QTXLi2hmJ1DUbnUprdiq2+x4bdZFJB3tIfpz5CDn9K9CmM5x/CgoJ+fP6FXhdsuj4fapJd6fa3ExBkkUlioCjh2UcDxwBXiamtV2yivBonlEirEkUAoBQCgFAKAUAoBQCgFAKAUAoBQCgFAKAhnxXsLq5sfl7NA7yyLuUsiZRcuR6yA3KDj9a69FOuFu6fWP5KyXBCBoV7NdNKIm09dQUQXguGieKV2GCIEySzEBiMjjJOcZrrd1ca9re7bysf7K4Z2ujuvLSa9bT/lEjCg29tIoBLxxAgRvxkZCEj29vPnPUaKyFSt3ZzyyYyXRFdBtNAur97cR3sHdZljVpNlvMN308etQdowpOOAPOBXTZPVRpUsppfwV+XJ0IJE1YKmm2q20ukTbrffuNnLGsikq7KoCvuRH2nP3zySMmvQa9R7lNc+6J76J38ONIvLWBlvZIndpJHTtYbaJHMj5fAyS7E48cCuLVWVzn+GmlhdlorCJfXMWMGoBUvUmkab3L+1ttOiN3AvzRkvN0dqe66l/329eAGOAcDggeDXp1XXYjJzeHxx3+xRpGpqWpCS8sNJOl2z2WYZR2N+wsy5knjlRgpjUs4Oc5CtnzV41/hyu3vdyueyPODj/ABAtIRqguWulFneBJWdHk7cgTbHKitCGy4ChhnjnzXRo5t6dwUfnX0X+yJdm5pXRUlvJaHTtSVJ3WWV1LGOVofqgdrd8e2FYEY5zWUtXGakrYccJf7Jxg1+oem31hHvrWLZexER31ofS3cUcSID9xj3wR4OQc66bU/0zVc+YvlMhrdyW10Bpz22nWUEilXSJd6nyrNliD+QWxXkamanbKS8s0XCJBWJIoBQCgFAKAUAoBQCgFAKAUAoBQCgFAKAUBEPiCCywxvYXFzC7Et8mdtzDIpXtupyOCC4JyP8AeujT9t7kn9SJHI1bT4Xitrn5hrNtIfvOkzfOSKrhTiUByd7KOMMThvzgaVTcW44zu49iGat70PbadJJq9sJpZA263txjYZpzsQZA3bd0nj2H6VrHWTtgqJcLy/oiHFLlHF63h1MWIn1CWzLmVEt4beEtOkxPpCSqw2ONpPG7xjmttNKj1ttecec9fsRLOCOppvy9xFpWsG7RHIKfKSILcmZvrZNmXO7ILZyMYxgCumU98HdQk8e65K/RludA9I/strqOK6aWByhjR8FonAbuZ28c5T2Hj+/kanUethtYZolgmFcxYwahgp/qWDUXj1f9sM62C4aI26xvJuE6dnYowSu36u4R7cjzXq0zqi63V+f69GbT8m1oZjtfkbG31GJ7draR5bWYBbydp1aRVAx6CQ4wu4H/AFZzVLXKzdZKPOe/CJWEa0Nxpw0WMX2mS28Aue2I2Z2mVmJbvo7AMcZORjwrDkcG2Lv6j8OeXjI428nhB0Lp/wAzNYLrF2sk4UvHIFV50ALLtlZcSrjJ4z45HHF5au1wU3BYX7Ijavc2dJ0DTvnZbHTWuku7WJna8EjMBIrIoiZD6JF9XqGAOCP0rbdc61O3G1+BhZ4LI6V1Q3dpBcMoVpF9ajkK6kq4H43Ka86yG2bRdHWqhIoBQCgFAKAUAoBQCgFAKAUAoBQCgFAKAUBDfiXrzWcdjtl7YmvYUkfO3bCG3y8+wwuD+Ca6tLR6rkvZMrJ4K2/acN+81v3lxqGqNLPk8LZWqBlLH2BAyD/LXo+lKpKWOo8fdlM5OpbdUTyRXNxAWWTVrxYbYnkQW0TRwd4KeFO6UL/qbPtWLogpqMv7Y5f1feCcsx1eRHpOiStKw+Wu4xLjLEyIZO8x/nDo/n3Jppeb5pLtPAfRKviB+zoZLXVL5mfsLi3iQD95ISHDc+cYB5wB754Fc2kV081V+ey0sds4Hwn1m7v9S1C8K7beVBvUf4YkXYsIB93EanJ/I/lx1a+iumqEF+YiLbZbteSXMGoYKP6U6s1G21U6fcktHPcyho5lyyh2dt6N52++ORjxXt36Wmem9WHaSMk2nyemhLperat80j3kcwkEvZaMMjPGBtfuJnYvoBKtjnjPOKrZK/T6dVvGGSsNnc1Lp6K+sfkZ9Z7s8c00yyyjBXslo5VZCchF3EEk+SCOMCuarUOm31IwwsYJaysGjqWhXKw21vdvEbi1KCwvYWO3eMdqCcEZQMQFVuQTj3+q6vhuk4ZxL8y/4MGbHTprSf53TwhfWAymKfcslpLkvNISMhkRt2Qcc7Rk8ZTuVkFCz+3z7+yCWCzen9PjtraC3ibckSBQ2QS+PLEjgknJP5NefOTlJtlzo1UCgFAKAUAoBQCgFAKAUAoBQCgFAKAUAoBQFVf+IOEm0tHHhbggn7bo3x/9a9b4Q16zX0KWdES6o6bt5rbRDZw9m6vkRDEOAybPVM39ed3uDz4ro0+pnGVm95S/yVaXGCZavoyCVbG0ZSbfSWaHBzh1uIpInJH+Z4gc158bJNOc/Mi+DwnCXEbW7lVtdejE1szjcsF6yhpIyPbLAOOfq3j3q0W4S3LuHf1RHg8NZ05W0qGHX3+XlgmMNvOhEpYYwrlF8ptGDnnCA8E1pVY1qHLTcprLX+g+uR8GtZMM8+j5hmSPfNHPbHcjDKbsn3HrHPsQR9qt8Rr3JX9Z8EQfgt6vJNDBqGCg9Z6ovb1NSDQxFtPlMkV2h7L2wSXbsDAetmA2gZHk5zxXu16aqtw5b3LlfoZZyb9/1VNpkGm2q6fEqXEJMqwSBpLhSEHcSSL1o5yx3HOSffGayhp46ic5OfXWfBOcHjLFa6NcSzETsNVsnECzg/MxySMu5JAfVjJX1cngjnHNk7NTWorHyPkjokXRMNhDG2mftH517sHuLEmdvoCsxkGSoCqANzcYGBnArm1PqTfq7NqRZY6yci56Z1e4j1ImZUEQeFBtJluAh3y7SCNgkbBbzk8eAc7Rv08HDjPl/wD30I2ssj4f6K9jp9rbSfWikuPIVnYuy/0LY/pXBqbFZbKSXBdLCJDWBIoBQCgFAKAUAoBQCgFAKAUAoBQCgFAKAUBz9ds7eaF1u40eJR3GEg3L6PVnH9KvXKUZLa+QVT0FPLc6u1/exNGs9qzWe4fuhESu1VbxkR7uB92NenqtsNOq4PnPP3KLl5Z8aTq+kJHdDSLpbGZmX95fAmOSP1LtXcSVXnI8EYXIxUWVXpxdsdyXsMrwOsbuDTNNj0aZZZGECy2txH9Jn7zsdrZyoXK+CThsfrOnhK692rCWeV9CG8LB7/FDS7y80vTbt43MsCBrhFHqHcjTc+3zwV5HtuP2qfh9tdWolHPD6Ymm0cn4e3jWOmyahawd+T5tUugnMiWqLngfkkHP834yNdbFW3+nJ4WOPZsiPCLb6W6stNSQvay7imN6MNsiZ8ZU+35GRx5ryb9PZS8TRommRrrv4n29g7W0UZnmHDgNsjjz7Fxk7sewH9RXVpPh07vmfCKueCO9HaxHrMF1YSWdlDBtMhS3kaKfcpVhIF2ncN23Ln+oPittRRLSzjOMm2IvKwdnpLVY5dM7OltcRz20eUS4VJblg5YpgthDGWPDDAAHgVzXxkrd1uMP2JT44ORLbT2umXd5eqZdRNyqo7gSOGhlQxLHgcRgKz4XyN1bqULL4whxD/pHSybdxeWfbi6iurKaJzEqbIyFM0jlDHKjo4P0hxlsEg8jgZrGFjk9NGWeR9Svdb63nm1IX9vJOoDR9uNm+lQFDR7VJUgkH9d1epXoYw07hNclHLLP0wtfMI2M1IFAKAUAoBQCgFAKAUAoBQCgFAKAUAoBQCgOZ1PZtPZ3kKfVLbyxr/qaNlH+5rSqSjZFv3QfRUnT/UlxqOljSrSQw30CqoG7td6GPgqr/wAL7cAjjwfYnHq20Rpv9aazB8/qZqWVg5Ft0nczy2Wk3GmdjsszTXUCZaRGUtky7dp9h5PIGAMYrZ6qEFK6E8t9L2I2+Gib9XS61Zsg0+1gls7ZEEY29+bCIoO4Ehs8HGz2xXDp1p7E/Vk1JlpZXRH+tuqLqWDS9bsmeIKJIZVHqVJCwyrAjDIShGSPZfBxjo0umr3zos5fGH9CG3jKOZ0719cSXEcdtYadDcXTrGZkR0BLH6mRWw3knnNbX/D4Qi5SlJpeCFM6/TmnDTLvVp7eczi0sJDcPtCRtdsxk2qF4AATxzgk1z3WO+EIyWMtY+xKWGyI9K9Dz6ghvJrqKCEy7TLcesySswBwpIDZdscnknHNd+p1kKH6SjllFHPJZmqST/M3uk21ki92xIiuIoxD6zF4LqNu0twMYwa8iEY7I2yl/d0a/REY6S0TWQZ5JbZ1+V0+a1hV1VDJkZRBj6+cnP4Fdept0zwoPuWWUSZv9HdT3WnafI+pxzu4lCWUc4YXUjFcOo3jdsGfqx7kDPArPU6eu65Kl4WOX4RMW0uTZ0TXZtRsLhp9MtGsYWZJIYXdbmMIA5ZUIwSM5Ayp4OPYVndSqLVtk93v4JTyuTUtfhXG1/aT20hewdVuMsdx4KskYPlg2Qcn2DZ9s7T+JSdMoT/N0RsWS5RXjmhmgFAKAUAoBQCgFAKAUAoBQCgFAKAUAoBQCgMGgIRqfQttFepq8ZaNoS80yLykuInBIH8LEkE44PPGTmuyGssdTplyn19Cu3nJAL/qqe/sbE3Fy0cN3fvFdtGdvajyjJFn2TtsTz/lyc857oaaNVskllqOV9ymW0bzWMml3EnydrLbBSxt27zT2t+qIZGjdGJ2O0cbkMMYIx9jWLmrYLe0/fjDiWxh8H3fau0dzIizW0Nhqsa3URvoTLbPJJGgkiZlZe3nbk59+fekalKGcNzi8cPnBGcGrF0/oHycepzG4iVnMZihlMiGVWYMqHG5l9JIOR6eeK0/qNW5+iuX9v8AIxHGTc0LqaF7j9k2dvF+zbxeyjqkiOjNbsZFZmz3JM+c+2OfeqW6aUIerN/On1/wJ848HGg09OwdA1C7azmtpWeF3/8AK3McjZG4EgHkZBJ/HkEVu7Jep/U1rcmuV7ELrB0tY0+70iweSPqBnZSvbjDIE2e4UOXZj9gCB/as65133JOrj9ScNLs3ugbDV57K8vTdSfMXKKtobk7gFU5ZwrAhQ3gcfw55yKprJaeFsYRjwu8ExzgjGv6hJpUzGaZrnVGQZnly0NojjgRKwG58H6sADPjyD1UVLUx+Vba148v7lX8pHrTTZksZr1riaP5iRYYI0Zgbty370so+pQM8+7HH69U7a/WVaSaS5fsVS4yfovo3TntbGzt5PrihRW98Njkf0PH9K+bvmp2ykvc2XR2qyJFAKAUAoBQCgFAKAUAoBQCgFAKAUAoBQCgFAKA+ZEDAggEEYIPgg+RQH591vSJ9DkuIJrX5nTrk5wdyqMH0HuAHtTLnGfcD+3v12Q1UU1LbNfyZNNHLs9asYiRYW1/LcOjxQLcyJLHB3FKsY44xlmwSBmtZ02tfiyio+cLGSE14LVkb5SxstIZbaS8a2UxxXiiS2laMjuRZyPVgsFJ44rx/z2ytWVHPa8GnjBXHUen61qMkUDaU8KW4KxxQR9m1TP1NvY7CePIP/f19PZpaIuSnlv37KSyztSamOndPe0juY3v7iTuMIiJEt+EBznjO1cYPkt4wK51W9dfvaxFL9yc7Vg+F+I8WoxJDeaIbt0Us5h9W1R5dQFLIMYzzj80fw+VEsws2pjdnwdH4froF01zKunxwm2xJ/wA05lHawCZSHJRQGyPf2PvWOr/qq2oylnPsTHBGuqdKN1cy3Sa9p7RO5ePuXLJJEhOVQQgEjAwMD7e1dWnujXBRdTz547/Uq1nySrQb3TtU26c0Qu7i1tj27m6RlWZk8g89zZlhwfIz/XkthdSvVztUn0iywzq9GdD3JnS+1ZkaSEbba3iwLe3UeCFX0jxwB48kk4xlfqobfTp6fb8slR9yxxXnljNSBQCgFAKAUAoBQCgFAKAUAoBQCgFAKAUAoBQCgFAfLoCCCAQfIPINAcLWtJlWNm00WsM/sXiUo/8AKSoyP15/Q1pCa3Ysy19yPsUn1Z07rwlOoXkTSNCVYSQlHEYRty4jTkKDz4/J+9e9p9Ro9npReMmTUuzpan1fqGr2whFxplujYMp7/ZlO05AIc7lXIzxnP3rCGno09mWnL244LNtnCsxp+l4lMsV/djmOOLcbGJv87yEDusPYAf2811S9fU/Klsj/ACV4R3xYXNw76p09IgNymy5t0MSywucdwBZBt2lhuDcHOSODXKrIRSp1SfHTLY8xN3XelLnT9AFukZaWSZZLvteshD4XjkqNsYOOOCfFUp1MLtYpSfC6DWInB+G84hSYDRZby5dwYWaJe1GAuOZXHo5zn9BzXTr8Tkn6iUfOH/oiP2LM+HvRktrLcahfMjXd0W3CP/DiVm3FR9ySBn8ADnkny9XqlZFVQ/Kv3LRXknlcRcUAoBQCgFAKAUAoBQCgFAKAUAoBQCgFAKAUAoBQCgFAKAUBgigIfrvwz0y8YyPbmN25LW57eSfcr9JP5xXZVr76lhP9+Srgmc2w+Dmlxtuf5iXBztmkAX+0arkfrWs/il8lhYX2RChE6GqfDHTZ5VmWOSBlUL/yjdlSFGBwBxxxxWMNbbFYzn78k7ESPRNGhs4hDAGCglvWzSOWPklmJJNc05uctzLG/iqgzUAVIFAKAUAoBQCgFAKAUAoBQCgFAKAUAoBQCgFAKA8ZLpFZUZ1DP9KkgM2OTgHk+DTDxlA9c1ANa11GGVpEjmjdojtkVGDMjfZgD6T+tWcZLDaGTaqAKA52u6zBZQvc3D7Y0xnALEknAAA8kmr11ysltj2Q3gxoGtwX0CXNuxaN843AqwKkhgQfByKW1zqk4y7RKeSJdQ/FWzs7s2bJK+whZZE27IycZGCctgEZx/vXXT8Pttr3oq5pPBPUcMAQcg8gjwQfFcJY+qAUAoBQCgFAKAUAoBQCgFAKAUAoBQCgFAKAUAoBQCgMGgKN0C5a/wCp3mJJWB5gv4jhRolA+wLHP/qNe3dBU6BLyzJPMi8WHBrw0alGfBRJbfVb21kJ3CKVZM+7xTxjd/7m/vXu/Ets9NCaM4LDL1rwzQUByep9Ah1C3e1uN+xiDmM7XUqcggkEf3FaU3Spnvj2Q1k89P06DTLMxwKRHbRu/qO5jgM7En3JOTSU5XWZl2xhIpbp7SYp9D1e+uEVpnkZlkYDeCvbfIPtl5GzjzXtX2Shqq649LBmuYtl29J5+Rsd31fLQ5/XtLmvFu//AEl92aLo61ZkigMFgPJoDNAKAUB4z3cceA8iKW8b2C5/TPmpw30D2FQBQCgFAKAUAoBQCgFAKAUAoBQCgFAYNAUH8GBjWLkN57VwOfOe/Hn/AK17/wAS/wDFh+n+DKHZflfPmpUnQKd3qDWJ1xsjDxkjxuaWMf8A4vXrat40dcX5M4/mZtaL8V4impy3LRj5eQ/LRr6XljOVQDP1Nlck+wbPiqWfDppwUfK5J3kd+G/W13LquLuR9t8pCo24RIfqiKKeAuFK5HnOTk11a3R1x0+Ydx7IjJ55Jf8AGjqeewtoVtpDHJPIRvXG4Ii5bGfyVH6Zri+HaeN1j39JFpvBKwr3Wn4cYkuLXDD7PJFz/u1cnEbPpknwUV0tqHzGmroke7vXl8u4DI2wbY3d8/gxnI+wNe9qa9t39Q+lH+fBmusFq9c38++z0jT5BFLdKxaX3hgjXkjHO44wMfY+PI8jTxjiV1iyl4+pdvwjjfCa8u4rvUtNuZ3nFsQQ7sz4OSuAWJIBGDtzwQfzW+vjW64WwWM+CIZ6NTSOuXm6hkiEpNs+62jXJ7e5BuEgHjcXVxn7MK0s0ajo1PHzd/oyFL5h8ZVnlv8AR7dGYLI4KhSQDJ3YwWwPcKRz7ZNR8P2KmyUuxPlo39Zvr3V727sLG9NpDYgCWRMmSSViRtypBVQVYcH+E+fbOqFenrjZZHc5dfYlttnz8NOspm0++lvZN4sCcSsdxkGwkLu/jOQAD5IZanWaaKujGtfmxwIy4PvpHrqQaNcX903dlhkkTHALOxUxJwOBmQDx4qNTpFHUquPXH/sKXGTm3HwomvoPmru7f56bEh7nqgjB57O3yMA+QeCPH30h8RjTPbGPyr+fqRsyWV0tpb2dpb20kpkaFApc59XJ+5JwM4H4ArzrZqc3JeS6WEdasyRQCgFAKAUAoBQCgFAKAUAoBQCgMGgKT6j0W50XVf2pbwSS20js7iIFiokB7qHHjkllJ48CvZpthqNP6M3hrozaw8knufirbzRlNOhubi5cYSNYmGxiOC7eAoPnGf8ArXItC1L8RpL7lt/seek6HNo2kX0rAveTI8khTLnuP6UAx5xuyfyWqbbo6i+K6iuF9iEsIj/wx+F27Zd6jHgDBigccn7PIP8A4T+/2rr13xHuurry/wDhEY+WSr4udPST20V3aqfmLBxImwZcoMFgB7kEKwH8pGOa49BeoTcJ/lZaS9iIv05qPUNtJfXbCN40K2cSL20k8GRmDEkbsbQc+QD489a1FOjs2V8p9srhy7OhofxLveyloNIuJLuNRHwCsRKjG58j0eORnH5FZW6GpS3qxbXz9QpM4Fnpuo6BeJf3Fqs6zh+78sC4QyNucDA9DAjj+EjIz9umVlOqq9KL246yRhp5M9b6xfS3cGs2VpeQpHEIVeeIfV+8z+7BPpIkxkjGRTSV0qt0WyT5z2JN5yju9MXM9xA9tplldQtctuu76+wGy31uuPrfk7QMAZ9vNct8VCSlZJPHSRZPJzfiV0Z+zf2fd6bC2LcqrlQXYyIQ8cr7RzkhgT+g+1b6LVq1TrtfZEo46Jl07FNql3BqlzbPBFaxMlvHN/iNLJ/iy49kxhVyOfNcNrjTB1Recvl/4LLl5K91qzm03Ub4XSX3yd7I8jGywDMrOzqpc+AO4ysoIP8ASvShKF1EdrW6PuU5TJdommNqQt7eGwez0uBhKyTDbPdupyqlck7NwBLEnOB/Titn6TcpS3Tf7IsuTg9I9K3H7WuLKQOLO1uTdFSMROwz8tzjnhgcZx6D9q6dTqIPTxmvzNY/6VS5LwFeKjUzQCgFAKAUAoBQCgFAKAUAoBQCgFAKAUBjFAYVAPAA/SnIM4oBigBFAMVGAMVIGKgDFMAYoBipAxUYAxUgYqMAYoDNSBQCgFAKAUAoBQCgFAKAUAoBQCgFAKAUAoBQCgFAKAUAoBQCgFAKAUAoBQCgFAKAUAoBQCgFAKAUAoBQCgFAKAUAoBQCgFAKAUAoBQCgFAKAUAoBQCgFAKAUAoBQCgFAKAUAoBQCgFAKAUAoBQCgFAKAUAoBQCgFAKAUAoBQCgFAKAUAoBQCgFAKAUAoBQCgFAKAUAoD/9k='),
(20, 'Bank Rakyat Indonesia', 'Bank Rakyat Indonesia (BRI) adalah salah satu bank terbesar di Indonesia yang fokus pada sektor mikro dan UMKM.', 'Perbankan', 'contact@bri.co.id', 'data:image/png;base64,iVBORw0KGgoAAAANSUhEUgAAAPMAAADPCAMAAAAXkBfbAAAAkFBMVEX///8BSpQAOo3M1OIAQpEANYsARZIASJNXdqqEmL1yi7V+lLvFzt/3+PsAPY4AQJC4w9cAMorZ3umcrMkAN4wpWJtOcKYAMIrq7fPM0+Lx8/ePocOqt9Dc4eukss05Yp9og7EgVJlGaqRifq7Aydw0X56UpcUAIIQAK4gjVZlTc6h2jreyvdQAJYYAGIKfrspKkT/YAAAPWklEQVR4nO2d62KquhKAIQKpVkAsLWq1arWutVrX6fu/3RFJQpKZQOxuuezN/Go1xHzkNklmJo4zyCCDmGQxWo4akuUibJvWcVafT1lKmpM0extv2iU+ZHHgNivUS15H7SGPs6aBCwn8p0U7xCM3boW4oP5sA/klo60hXyQ9NI889tskvki8bRr5pW3kC3TDNT3K2ia+CHlulLm90UuWrMk5a+e1jXsV6jaHPE/apmUSPTTG/NqOKgKFkqaQF1g108DTJDDN31RJZEql54e+Z3JsiHkdwQKS6G6syfveJ1i/p/vxs0i020YpqrIHh2c1u12QwtyCpuarJ72MNN1OsYThchwQCET3MznV5uUpiWFte/f6snEz8fVkNP0xSlV0dYRGM3Pi0XsCqoeSrcqzOqWw7Xj+Wc9ss9fzIs1MV5tUa19u9Tp+8wE188DVF0bnAL6a5AQyO2iaQdzMyD3TqsSr3bqYu5Anm+updlCdJTuQ11btK97ke6BqRBvCfJvWdSAAOgJL4GMC2gNUL0OiJAruvoWpTk5K8wp2Vg89g0oM3kCiBRzKoHqpvvKGmMdKQ00td6dOAJqsQaLQAwPzHiRSKroNZurZPvYMmncGB4IF6PhQvbyTe3QbzMG79XNgWvfGMNESTIS+/mYe5L7VBjNWboOEKa3DuciHXtPRi5biKHfoVpjv7R980fUOgJOLzkwDLcFU7iRdZ3b2WkUH2JbWp/5mUm0m7xczWJwkKyRVpL2ZWNPG+sUc6rtoZImk0nt08KR+3y9mMHTHWIee6pMarfi++8zPWhWiK4SVPl0l6vc9YwbLE/RpfRvGV78emAfmn5J/wHzS+zM2hoH+nKnf94z5XRu3I7D748BxW9+57xdzqNcgupt1r8/PGla/mHWFG92SB0uRWDte7xVzqC8f0IXoWE+VaJtIvWIGJ3sE2RWf6/opWIj0ifkMtgMokgqc+KT6i+kR81Lvpy5BRm1w/Ecf9ST9YZ79Btt7gMYJ4UZ4Aob23jCfoTFGBndM9+Bwy9uBRH1hHsEzighag7zC4w7kkKQnzGd4QuG96onCLUT2wQlPX5hnsGEHcK8e9mU3ww48e8G8/A2R4VkmbNg4ci+Yj7AvB3uADBu26+PH2j1gPiOnzwA5BIfpF2R4+nyV7jOjfdmmYZuQu888AiYgLo2tGrbRsLHrzGc4fCGH7Tchd50Z0b4skU0N2+k6M2L9S2MbZFKB3G3mGdKXoZKNIEe7qt/vMjMySSGrpJuRu8x8RMza4Z7f7cgdZp5C7es7GrbTYWZkxHYzcPKKIMP1li5dZcYmqQxsBSHIcS1yV5mRLQLEXhBD3tX/fjeZz3CSQtaFX2rYTkeZ11hftkKGGwmIdJF5iSAnoC+/YbVs5dzcQeYj4q1hhRzAvV9UuseMNWy4SMKQ4aoal84xY9qXJbLt73eNeYk07BQYByG7IsEf69/vGPMamaTIh54BUsvUwywCcekWM7L3hbhUoMg3+Op3inmKIHs2fZk+2tdyx5gXunVqXiagWX0Ae/1LLpgtjUk6xewskF0CD9gr76D7mJtB3wyjdIvZmQMfEgx6gtR0hjofotIxZmeBDNww7sAYgU4ws2ZUusaMBjqIADTSvCncUTBI55gRGwpraEt3z+4xO3OkeUcgFQbt27mndZAZO3tFlLE7GPrCsnl3kRlxE7xAAz+s169Cd5LZecFWGkAhOyDN+7dF8+4m82WtAaHhsRvSvF1Sr3h3lBlVMGH4K2RNSeuhu8qM6loJUDBR6Lrm3VlmxPUX06q/UtPdZXZ2SG+FRxl/kFAeNdAdZsYmIzfRlxKYwVBN8+4yM652gPUT1rzTqj2ETjOjOBAaOdCgIHyJJN1mRmyTkcAkIZKqKs5Lx5kxHBf01huhO86M4sAh6jborjPj0D7ordjuoWsYyDrP7CyQLTJK9TpcIDHETNDdZ0ahYdydEFFOAopC94AZhYbOGCESSg+v6T4wOxvMOA50aSTA0gUaya4XzFhsTHi+gUPD4FM9YXbmwIcOugTincCD0D1hhr6SLkVqED37Aen6wuwcgFKdIvt96NmPDt0bZuDJjXkF4n1ah+4NM4w1RCMsGRYjVoPuDzMMXw010FzmyJapCt0jZj1OBx60wgAtk/WIeaRvCppCzKEHXhJaj5gdLfwriJElZIQdbZZsfWJ29XCAxosPQCDEi8QCrk/MIO5jZkyKNW8B/S9lRs0VOHSfmPW27eoBHWXBzOsYdJ+Y9THM3J9zwYxlC5ecHjGDuaomujFqSJn/Wo+Y9ViAIIalLiboHjGDhRUWbUgRA3R/mM/AksKvfQZ1PxyPehOvF8YesbBSPyOrrHjbdvxtW+YxWFZZRf9/QGq6jdjyavxtu0s5NqDstL5p54L16baZ7a4WQjavY8vA3Q/Vl4O1Ek/ftzCxRw6t7GPSV0M3xKxOtND5AEj4CM9lgJGFWSqhG2LWdrayOoOujQuRodFrhVRBN8SszbRIuDdF1jCOlo2XsywnXVUvpaF7UOaa4uyZ9jtyWb1DOzF6892Q5osd6xTYb5JQVxS8ral5zw8+bNeef4PDCRNjTUcNXdoFYjMG6RgZvRfrN4Q4IJNbnKm46AFtuSD3ivyInKDdl5c9Pc9kOU1cHzGYuIw56+nsCzJ9RO9wM+4jfrdssN4VeJEssek2uiCOviR4doY98h+Qt1Zvx5WlqaaNxltpR26L/v3PBGxhtiM0bfB29xW0G2hD4CV9PynQbqAF8Rq+DBlzuGhYbggH8E2COVz8y5Ev0GbFvwnxWkDOL7Fvb/SmfgtX2OeyeEWODxuRyLXfcvhumT76iHXTD0tAPOz6lOZkNInSKNavfv4xiSPi31XcyNuUbM4P40kzcv+wtg4BMMgggwwyyCCDDDLIIIMMMsgggwwyyCCD/Kcl1MQuaUUm6Od6MqtcrYpXX37w1fKXr4r3eDghFzte5P63SPRLi6yyzcRXf+Vz4Sy5fpawC3E/WA5JUibZ8VyTv4hN0RwU78/hpMQCPf1VE5B4u3uQAcL/8ULzrWLgHUJpEKcuCGV3EVKeWujujpLtAZXjxLOPubmgsJAtLwWeicNs5DpVaIPHi1dW54NuyFSkOIkXKC4YF5cMAebiucgDdS2bPdLYyOwS6aihlnkhjBYS9IQCMLPiRWJ7HzCzAopgfLbMWAiorXwSSdQSysxyRdcyCxM75AZZM7MrtQqcOQdY38oMjKxXitG8djP5k+F91DE/8F9HwndUMwt7eROzMDquYo5zkazZItVn4kXNW42rojBLFV3DLO4yN1r8z7Xilb8SfWrMlFwkkswkmZ1gBXP88PLy8rnzBJr26vfquatqU6vaT5V3eFczl14LxhCugjle58WbBKJ4PE/OTPej6XS6vg/KYSdb1TBzt5Axf4Yqbpzc655yOqXpc+aCobx5vpr5nf+bGA10BTOf3cowmkmoMnNT8jJiMDnWMfPh/y7QfuYqE4+9zXf2teIJx5jpUwEtbm6uZJ5xoxTD+IUy84KIMBCA2XnhtVYYhNowzyL9Z3Jhc4r3zKcsxfSQMXsMSljcVjEv+HwfVPjIQuYl/yTdGJgdDmnPPGVQlEi/zf0wyIhbrdMUYT6xP3hFVzFz5xQaVOi7kLn8xNC2SzNce2buWqOMYSyb/D3wth9JUzRDDSbrWKnoCmY+biDB8iqZ+dvnswPCzL3tipZgwRxya2l5ZOZW27nXB2/78jvh/XnL2xWraDPzlDs5VDseAeYVB+JTKWRe8OG2CHZTO26HZz5/UCI1OW6dn46kPKQpmjM/8iGGVbSJ2RV1UeN4pDGHZ26qJKL3QGbREE91zHR7EerzASyI5NULm5wL1YGPnNJCgzPHImZQsqlgpn8+eB41/gWCmb5ut6+eKF5554DOvOShYbl9ZJUeRi8i/iaPci8bsVml8Js7CoVRZ85rgzmMeB8VzGKWxwKJ4czX4vHy0cgVSkypez69vj69EcKy9rhqZ6lv0zfVI4jXLHu5fJIhQpWQmBdMn7xqu8a2zaTW1h7Vt+mjVLySObgIey3Uyw68a1oyBx/KwCKmp0eVsPTdk5h5RV+jNNQxu36NjRvKHEyk4mFrDOo+l8qs7boqIFRSB/n0EL+o/5dTtMzMKzqfg+rads1MZVpXBcQT7wpdV3nSlRxVzFf7QqH1U38nnuLuTQnbexDLSuHtIzPzcTP3CDeNYXuxKKHV1+/N1eKVBqbCthdfS0blRFrB7I1zmTwK9zfCtWCxvBA64o43bv6JwrxhXeHSo9nbgm27XI1X+38LZu/ZULxyLZlXWQktdHiLddVG7Ifwav0AvVCEFeAtU2F2Dlz7dt7FvK0y03K3oFopATrJRuysZNoaYz++Hz+lgpqX3kr3DImmiBFgsSw+4E7fKjOv6EDSVXRm50207qprA6Du6fBIiazPqvNzKGJMCu3BhtmZqJOncffILdchKjOvaDJlYzjGvBCtu6pLI8zC1d5DmMvBx+XblFbMPFOm3h2qvBDYQkNjZhUd3J3MzM5a+HTE5lkaYRYduFhY6cxCY0rnNzCL/nvNNKx0N2F7gRozH7qjKuZyc8L1jV26qp6LwQTo27yeub5j1Z9jRY0Xuw6F9sdEQBcjic7MXjbfN8GZV8J/3DxLI8zlm1qhzLzKeBAUG2YxMBYBcsTeH+6eG60xZtar6L6K2fkUI4XxKmTIfCfyKJgA81xsOc3qmMlofpHzRyTe47Vx8OWFsmsiZVRM0YD5WDzGW4xhr7ds3bEhHINgJpu8eLN7Ih5hmi9cS3pqgio9jBT7w2Wzva77ufoha3MyZbHuAMyO4ppuYg7LadDHtz7n5uKxFQ5kFr9Su9cL5FqD5QNamcTp1bU1QOajPPQZzzHKEzoaoZEOjOcYojtAZtG4488bmYPrdb1HsWull4bndG30kFkJ9mA+ryrDVGNR1SuYg2BlYhajXDHx2zOT4rpeU9OWpu18oYEwH6WMzcxhGasg3tkz00hcho4wi5+59k47ZuoRtmwMubKUgjsvy92SLcosh7e0On9G19IY86V4pDxLQ5h54yzClEHm5V+iSppmj/dcR3jO2IfaeXMuGX/i18Z59dmf0vfn32WebJ/mXjxTJpskIhkSvWiOFO/PvTy2nDL1N3JK/lCaq6fhL/bfX35mvVqOZFnOF8pGGPt2iZyhzfmTy4X4W9GnpmWu7A1vxCNSsrIAyK+EWvE2C/29LJbqb8jFHk1DqRzLr8SDGWSQvsj/AdlJGSlj/qE5AAAAAElFTkSuQmCC');

-- --------------------------------------------------------

--
-- Table structure for table `riwayat_pekerjaan`
--

CREATE TABLE `riwayat_pekerjaan` (
  `id_riwayat_pekerjaan` int(11) NOT NULL,
  `user_id` int(11) NOT NULL,
  `nama_perusahaan` varchar(200) NOT NULL,
  `jabatan` varchar(200) NOT NULL,
  `tanggal_mulai` date NOT NULL,
  `tanggal_selesai` date NOT NULL,
  `lokasi_pekerjaan` varchar(200) NOT NULL,
  `created_at` timestamp NULL DEFAULT NULL,
  `updated_at` timestamp NULL DEFAULT NULL
) ENGINE=InnoDB DEFAULT CHARSET=utf8mb4 COLLATE=utf8mb4_general_ci;

--
-- Dumping data for table `riwayat_pekerjaan`
--

INSERT INTO `riwayat_pekerjaan` (`id_riwayat_pekerjaan`, `user_id`, `nama_perusahaan`, `jabatan`, `tanggal_mulai`, `tanggal_selesai`, `lokasi_pekerjaan`, `created_at`, `updated_at`) VALUES
(1, 12, 'a', 'aa', '2024-06-14', '2024-06-14', 'a', '2024-06-13 21:18:54', '2024-06-13 21:18:54'),
(2, 16, 'Growtopia', 'Bot manager', '2020-01-14', '2024-06-14', 'UDP', '2024-06-14 00:21:56', '2024-06-14 00:21:56'),
(3, 17, 'Spotify', 'Manager', '2024-06-01', '2024-06-14', 'Sweden', '2024-06-14 04:13:17', '2024-06-14 04:13:17'),
(4, 11, 'Spotify', 'Manager', '2024-06-19', '2024-06-19', 'Sweden', '2024-06-18 21:43:51', '2024-06-18 21:43:51');

-- --------------------------------------------------------

--
-- Table structure for table `riwayat_pendidikan`
--

CREATE TABLE `riwayat_pendidikan` (
  `id_riwayat_pendidikan` int(11) NOT NULL,
  `user_id` int(11) NOT NULL,
  `jenjang_pendidikan` varchar(11) NOT NULL,
  `nama_instansi` varchar(200) NOT NULL,
  `tanggal_lulus` date NOT NULL,
  `created_at` timestamp NULL DEFAULT NULL,
  `updated_at` timestamp NULL DEFAULT NULL
) ENGINE=InnoDB DEFAULT CHARSET=utf8mb4 COLLATE=utf8mb4_general_ci;

--
-- Dumping data for table `riwayat_pendidikan`
--

INSERT INTO `riwayat_pendidikan` (`id_riwayat_pendidikan`, `user_id`, `jenjang_pendidikan`, `nama_instansi`, `tanggal_lulus`, `created_at`, `updated_at`) VALUES
(1, 12, 'SD', 'a', '2024-06-06', '2024-06-13 21:19:39', '2024-06-13 21:19:39'),
(2, 12, 'SMA', 'sma satu', '2024-06-14', '2024-06-14 00:17:18', '2024-06-14 00:17:18'),
(3, 16, 'S1', 'Universitas Osaka', '2024-06-14', '2024-06-14 00:22:17', '2024-06-14 00:22:17'),
(4, 17, 'SMA', 'SMA1', '2024-06-14', '2024-06-14 04:13:42', '2024-06-14 04:13:42'),
(5, 11, 'S3', 'Universitas Osaka', '2024-06-29', '2024-06-18 21:44:06', '2024-06-18 21:44:06');

-- --------------------------------------------------------

--
-- Table structure for table `user`
--

CREATE TABLE `user` (
  `user_id` int(11) NOT NULL,
  `username` varchar(200) NOT NULL,
  `email` varchar(200) NOT NULL,
  `password` varchar(200) NOT NULL,
  `role` int(11) NOT NULL DEFAULT 1,
  `created_at` timestamp NULL DEFAULT NULL,
  `updated_at` timestamp NULL DEFAULT NULL
) ENGINE=InnoDB DEFAULT CHARSET=utf8mb4 COLLATE=utf8mb4_general_ci;

--
-- Dumping data for table `user`
--

INSERT INTO `user` (`user_id`, `username`, `email`, `password`, `role`, `created_at`, `updated_at`) VALUES
(1, 'andi123', 'andi@example.com', 'password123', 2, NULL, NULL),
(2, 'budi456', 'budi@example.com', 'password456', 2, NULL, NULL),
(3, 'charlie789', 'charlie@example.com', 'password789', 2, NULL, NULL),
(4, 'dianak10', 'diana@example.com', 'password1010', 2, NULL, NULL),
(5, 'eko_lima', 'eko@example.com', 'password1112', 2, NULL, NULL),
(6, 'fitri_26', 'fitri@example.com', 'password1314', 2, NULL, NULL),
(7, 'gina789', 'gina@example.com', 'password1516', 2, NULL, NULL),
(8, 'haris123', 'haris@example.com', 'password1718', 2, NULL, NULL),
(9, 'intan456', 'intan@example.com', 'password1920', 2, NULL, NULL),
(10, 'joko789', 'joko@example.com', 'password2122', 2, NULL, NULL),
(11, 'andra', 'andra@gmail.com', '$2y$12$aSiUtHzKoyCvSE6flTY6tuGG/F.CEOUphmxTcK5R0eLY9VumdPvE6', 1, '2024-06-13 19:11:22', '2024-06-13 19:11:22'),
(12, 'wow', 'wow@gmail.com', '$2y$12$WSCO/vEJGQzMYHExOshqaeWLpYTxvdoOGq4xChC.ITcwOJL4T4q0a', 1, '2024-06-13 21:08:07', '2024-06-13 21:08:07'),
(13, 'xzc', 'zxc@abc.com', '$2y$12$pvflDXhO3kqn8U3.qTtkKOM3ejoguhAh/SS.9G.cETWbDLVevHKSq', 1, '2024-06-13 21:38:27', '2024-06-13 21:38:27'),
(14, 'elma', 'elma@gmail.com', '$2y$12$Tsvtk9Eg.2bw/lfKPaNRtOz2jtfpB1SXzhvb9wd3vPsItugT18pBS', 1, '2024-06-13 22:42:29', '2024-06-13 22:42:29'),
(15, 'a', 'andra@gmail.com', '$2y$12$6S6nABB1/2PGdj.vhhsvneMMAzkUl5fBUHmeTN.Hkj8tccU6Iemma', 1, '2024-06-13 23:49:37', '2024-06-13 23:49:37'),
(16, 'ahmad', 'akrom@gmail.com', '$2y$12$FSsCAiMFqlGGw6lNJCorAebO9MpEKNL/EPFqg4spZImsFO293U9GO', 1, '2024-06-14 00:20:27', '2024-06-14 00:20:27'),
(17, 'Hali', 'hali@gmail.com', '$2y$12$DGwFTPO8QPugsKlqnbZbH.0NOQA4bwgn2m7r04MLfnxqK.2Msh4TW', 1, '2024-06-14 04:09:55', '2024-06-14 04:09:55');

--
-- Indexes for dumped tables
--

--
-- Indexes for table `biodata`
--
ALTER TABLE `biodata`
  ADD PRIMARY KEY (`id_biodata`),
  ADD KEY `fk_biodatauser_id_user` (`user_id`) USING BTREE;

--
-- Indexes for table `lamaran`
--
ALTER TABLE `lamaran`
  ADD PRIMARY KEY (`id_lamaran`),
  ADD KEY `lamaran_ibfk_1` (`id_lowongan`),
  ADD KEY `lamaran_ibfk_2` (`user_id`);

--
-- Indexes for table `lowongan`
--
ALTER TABLE `lowongan`
  ADD PRIMARY KEY (`id_lowongan`),
  ADD KEY `fk_perusahaan` (`id_perusahaan`);

--
-- Indexes for table `perusahaan`
--
ALTER TABLE `perusahaan`
  ADD PRIMARY KEY (`id_perusahaan`);

--
-- Indexes for table `riwayat_pekerjaan`
--
ALTER TABLE `riwayat_pekerjaan`
  ADD PRIMARY KEY (`id_riwayat_pekerjaan`);

--
-- Indexes for table `riwayat_pendidikan`
--
ALTER TABLE `riwayat_pendidikan`
  ADD PRIMARY KEY (`id_riwayat_pendidikan`),
  ADD KEY `fk_riwayatpendidikan_id_user` (`user_id`) USING BTREE;

--
-- Indexes for table `user`
--
ALTER TABLE `user`
  ADD PRIMARY KEY (`user_id`);

--
-- AUTO_INCREMENT for dumped tables
--

--
-- AUTO_INCREMENT for table `biodata`
--
ALTER TABLE `biodata`
  MODIFY `id_biodata` int(11) NOT NULL AUTO_INCREMENT, AUTO_INCREMENT=8;

--
-- AUTO_INCREMENT for table `lamaran`
--
ALTER TABLE `lamaran`
  MODIFY `id_lamaran` int(11) NOT NULL AUTO_INCREMENT, AUTO_INCREMENT=12;

--
-- AUTO_INCREMENT for table `lowongan`
--
ALTER TABLE `lowongan`
  MODIFY `id_lowongan` int(11) NOT NULL AUTO_INCREMENT, AUTO_INCREMENT=57;

--
-- AUTO_INCREMENT for table `perusahaan`
--
ALTER TABLE `perusahaan`
  MODIFY `id_perusahaan` int(11) NOT NULL AUTO_INCREMENT, AUTO_INCREMENT=21;

--
-- AUTO_INCREMENT for table `riwayat_pekerjaan`
--
ALTER TABLE `riwayat_pekerjaan`
  MODIFY `id_riwayat_pekerjaan` int(11) NOT NULL AUTO_INCREMENT, AUTO_INCREMENT=5;

--
-- AUTO_INCREMENT for table `riwayat_pendidikan`
--
ALTER TABLE `riwayat_pendidikan`
  MODIFY `id_riwayat_pendidikan` int(11) NOT NULL AUTO_INCREMENT, AUTO_INCREMENT=6;

--
-- AUTO_INCREMENT for table `user`
--
ALTER TABLE `user`
  MODIFY `user_id` int(11) NOT NULL AUTO_INCREMENT, AUTO_INCREMENT=18;

--
-- Constraints for dumped tables
--

--
-- Constraints for table `biodata`
--
ALTER TABLE `biodata`
  ADD CONSTRAINT `fk_biodatauser_id_user` FOREIGN KEY (`user_id`) REFERENCES `user` (`user_id`);

--
-- Constraints for table `lamaran`
--
ALTER TABLE `lamaran`
  ADD CONSTRAINT `fk_lamaran_id_user` FOREIGN KEY (`user_id`) REFERENCES `user` (`user_id`),
  ADD CONSTRAINT `lamaran_ibfk_1` FOREIGN KEY (`id_lowongan`) REFERENCES `lowongan` (`id_lowongan`),
  ADD CONSTRAINT `lamaran_ibfk_2` FOREIGN KEY (`user_id`) REFERENCES `user` (`user_id`);

--
-- Constraints for table `lowongan`
--
ALTER TABLE `lowongan`
  ADD CONSTRAINT `fk_perusahaan` FOREIGN KEY (`id_perusahaan`) REFERENCES `perusahaan` (`id_perusahaan`);

--
-- Constraints for table `riwayat_pekerjaan`
--
ALTER TABLE `riwayat_pekerjaan`
  ADD CONSTRAINT `fk_riwayatpekerjaan_id_user` FOREIGN KEY (`user_id`) REFERENCES `user` (`user_id`);

--
-- Constraints for table `riwayat_pendidikan`
--
ALTER TABLE `riwayat_pendidikan`
  ADD CONSTRAINT `fk_riwayatpendidikan_id_user` FOREIGN KEY (`user_id`) REFERENCES `user` (`user_id`);
COMMIT;

/*!40101 SET CHARACTER_SET_CLIENT=@OLD_CHARACTER_SET_CLIENT */;
/*!40101 SET CHARACTER_SET_RESULTS=@OLD_CHARACTER_SET_RESULTS */;
/*!40101 SET COLLATION_CONNECTION=@OLD_COLLATION_CONNECTION */;
